Référence Interne,Nom du produit,Prix vente conseillé €HT,Prix vente conseillé €HT,Prix vente €TTC,Prix achat revendeur €HT,Prix achat revendeur €TTC,Eco contribution
ABT-001, Abmat - Matelas pour abdominaux,15,15.75,18.9,9,10.8,0.75
ANE-001, Sangles Anneaux - Entraînement,20,21,25.2,14,16.8,1
ANN-001, Anneaux De Gym (D28),20.83,21.8715,26.2458,12.5,15,1.0415
ANN-002, Anneaux De Gym (D32),22.5,23.625,28.35,13.5,16.2,1.125
BAE-015, Barre Olympique - Entrainement 2.0 - 15Kg,170,178.5,214.2,119,142.8,8.5
BAE-020, Barre Olympique - Entrainement 2.0 - 20kg,191.67,201.2535,241.5042,134.17,161,9.5835
BAN-002, Banc Plat - WOD,132.5,139.125,166.95,92.75,111.3,6.625
DAL-015, Dalle 100x100cm (15MM),27.08,28.434,34.1208,21.66,25.99,1.354
DAL-025, Dalle 100x100cm (25MM),32.5,34.125,40.95,26,31.2,1.625
DAL-040, Dalle 100x100cm (40MM),40.83,42.8715,51.4458,32.66,39.19,2.0415
DAL-320, Dalle Lisse 20mm (Mouchetée Blanc),34,35.7,42.84,23.8,28.56,1.7
DAL-321, Dalle Lisse 20mm (Noir),34,35.7,42.84,23.8,28.56,1.7
HTR-010, Haltère Hexagonale Poignée Chromée Dumbbell - 1 à 50 kg (1KG),2.75,2.8875,3.465,2.06,2.47,0.1375
HTR-020, Haltère Hexagonale Poignée Chromée Dumbbell - 1 à 50 kg (2KG),5.5,5.775,6.93,4.13,4.96,0.275
HTR-025," Haltère Hexagonale Poignée Chromée Dumbbell - 1 à 50 kg (2,5KG)",6.88,7.224,8.6688,5.16,6.19,0.344
HTR-030, Haltère Hexagonale Poignée Chromée Dumbbell - 1 à 50 kg (3KG),8.25,8.6625,10.395,6.19,7.43,0.4125
HTR-040, Haltère Hexagonale Poignée Chromée Dumbbell - 1 à 50 kg (4KG),11,11.55,13.86,8.25,9.9,0.55
HTR-050, Haltère Hexagonale Poignée Chromée Dumbbell - 1 à 50 kg (5KG),13.75,14.4375,17.325,10.31,12.37,0.6875
HTR-060, Haltère Hexagonale Poignée Chromée Dumbbell - 1 à 50 kg (6KG),16.5,17.325,20.79,12.38,14.86,0.825
HTR-075," Haltère Hexagonale Poignée Chromée Dumbbell - 1 à 50 kg (7,5KG)",20.63,21.6615,25.9938,15.47,18.56,1.0315
HTR-080, Haltère Hexagonale Poignée Chromée Dumbbell - 1 à 50 kg (8KG),22,23.1,27.72,16.5,19.8,1.1
HTR-090, Haltère Hexagonale Poignée Chromée Dumbbell - 1 à 50 kg (9KG),24.75,25.9875,31.185,18.56,22.27,1.2375
HTR-100, Haltère Hexagonale Poignée Chromée Dumbbell - 1 à 50 kg (10KG),27.5,28.875,34.65,20.63,24.76,1.375
HTR-125," Haltère Hexagonale Poignée Chromée Dumbbell - 1 à 50 kg (12,5KG)",34.38,36.099,43.3188,25.79,30.95,1.719
HTR-150, Haltère Hexagonale Poignée Chromée Dumbbell - 1 à 50 kg (15KG),41.25,43.3125,51.975,30.94,37.13,2.0625
HTR-175," Haltère Hexagonale Poignée Chromée Dumbbell - 1 à 50 kg (17,5KG)",48.13,50.5365,60.6438,36.1,43.32,2.4065
HTR-200, Haltère Hexagonale Poignée Chromée Dumbbell - 1 à 50 kg (20KG),55,57.75,69.3,41.25,49.5,2.75
HTR-225," Haltère Hexagonale Poignée Chromée Dumbbell - 1 à 50 kg (22,5KG)",61.88,64.974,77.9688,46.41,55.69,3.094
HTR-250, Haltère Hexagonale Poignée Chromée Dumbbell - 1 à 50 kg (25KG),68.75,72.1875,86.625,51.56,61.87,3.4375
HTR-275," Haltère Hexagonale Poignée Chromée Dumbbell - 1 à 50 kg (27,5KG)",75.63,79.4115,95.2938,56.72,68.06,3.7815
HTR-300, Haltère Hexagonale Poignée Chromée Dumbbell - 1 à 50 kg (30KG),82.5,86.625,103.95,61.88,74.26,4.125
HTR-325," Haltère Hexagonale Poignée Chromée Dumbbell - 1 à 50 kg (32,5KG)",89.38,93.849,112.6188,67.04,80.45,4.469
HTR-350, Haltère Hexagonale Poignée Chromée Dumbbell - 1 à 50 kg (35KG),96.25,101.0625,121.275,72.19,86.63,4.8125
HTR-375," Haltère Hexagonale Poignée Chromée Dumbbell - 1 à 50 kg (37,5KG)",103.13,108.2865,129.9438,77.35,92.82,5.1565
HTR-400, Haltère Hexagonale Poignée Chromée Dumbbell - 1 à 50 kg (40KG),110,115.5,138.6,82.5,99,5.5
HTR-450, Haltère Hexagonale Poignée Chromée Dumbbell - 1 à 50 kg (45KG),124,130.2,156.24,93,111.6,6.2
HTR-500, Haltère Hexagonale Poignée Chromée Dumbbell - 1 à 50 kg (50KG),137,143.85,172.62,102.75,123.3,6.85
KBE-040, Kettlebell Entraînement Fonte Noir à liseré - 4 à 40 kg (4KG - Liseré Blanc),11,11.55,13.86,7.15,8.58,0.55
KBE-060, Kettlebell Entraînement Fonte Noir à liseré - 4 à 40 kg (6KG - Liseré Gris),22.5,23.625,28.35,14.63,17.56,1.125
KBE-080, Kettlebell Entraînement Fonte Noir à liseré - 4 à 40 kg (8KG - Liseré Rose),26.67,28.0035,33.6042,17.34,20.81,1.3335
KBE-100, Kettlebell Entraînement Fonte Noir à liseré - 4 à 40 kg (10KG - Liseré Marron),33.33,34.9965,41.9958,21.66,25.99,1.6665
KBE-120, Kettlebell Entraînement Fonte Noir à liseré - 4 à 40 kg (12KG - Liseré Bleu),40.83,42.8715,51.4458,26.54,31.85,2.0415
KBE-140, Kettlebell Entraînement Fonte Noir à liseré - 4 à 40 kg (14KG - Liseré Bleu),49.17,51.6285,61.9542,31.96,38.35,2.4585
KBE-160, Kettlebell Entraînement Fonte Noir à liseré - 4 à 40 kg (16KG - Liseré Jaune),52.5,55.125,66.15,34.13,40.96,2.625
KBE-200, Kettlebell Entraînement Fonte Noir à liseré - 4 à 40 kg (20KG - Liseré Violet),65.83,69.1215,82.9458,42.79,51.35,3.2915
KBE-240, Kettlebell Entraînement Fonte Noir à liseré - 4 à 40 kg (24KG - Liseré Vert),74.17,77.8785,93.4542,48.21,57.85,3.7085
KBE-280, Kettlebell Entraînement Fonte Noir à liseré - 4 à 40 kg (28KG - Liseré Orange),82.5,86.625,103.95,53.63,64.36,4.125
KBE-320, Kettlebell Entraînement Fonte Noir à liseré - 4 à 40 kg (32KG - Liseré Rouge),100,105,126,65,78,5
KBE-360, Kettlebell Entraînement Fonte Noir à liseré - 4 à 40 kg (36KG - Liseré Gris),108.33,113.7465,136.4958,70.41,84.49,5.4165
KBE-400, Kettlebell Entraînement Fonte Noir à liseré - 4 à 40 kg (40KG - Liseré Blanc),116.67,122.5035,147.0042,75.84,91.01,5.8335
POE-051, Poids Olympique - Entrainement 2.0 (5KG - Noir Liseret & Impression Blanc),29.17,30.6285,36.7542,23.34,28.01,1.4585
POE-101, Poids Olympique - Entrainement 2.0 (10KG - Noir Liseret & Impression Vert),40.83,42.8715,51.4458,32.66,39.19,2.0415
POE-151, Poids Olympique - Entrainement 2.0 (15KG - Noir Liseret & Impression Jaune),57.5,60.375,72.45,46,55.2,2.875
POE-201, Poids Olympique - Entrainement 2.0 (20KG - Noir Liseret & Impression Bleu),79.17,83.1285,99.7542,63.34,76.01,3.9585
POE-251, Poids Olympique - Entrainement 2.0 (25KG - Noir Liseret & Impression Rouge),87.5,91.875,110.25,70,84,4.375
POM-050, Poids Olympique avec poignées - Musculation (5 kg),20,21,25.2,12,14.4,1
POM-100, Poids Olympique avec poignées - Musculation (10 kg),32.5,34.125,40.95,19.5,23.4,1.625
POM-150, Poids Olympique avec poignées - Musculation (15 kg),49.17,51.6285,61.9542,29.5,35.4,2.4585
POM-200, Poids Olympique avec poignées - Musculation (20 kg),62.5,65.625,78.75,37.5,45,3.125
POW-050, Poids Olympique - WOD (5KG - Noir Mouchete Blanc),24.17,25.3785,30.4542,15.71,18.85,1.2085
POW-100, Poids Olympique - WOD (10KG - Noir Mouchete Vert),40.83,42.8715,51.4458,26.54,31.85,2.0415
POW-150, Poids Olympique - WOD (15KG - Noir Mouchete Jaune),54.17,56.8785,68.2542,35.21,42.25,2.7085
POW-200, Poids Olympique - WOD (20KG - Noir Mouchete Bleu),74.17,77.8785,93.4542,48.21,57.85,3.7085
POW-250, Poids Olympique - WOD (25KG - Noir Mouchete Rouge),82.5,86.625,103.95,53.63,64.36,4.125
SBW-025, SandBag - Sac lesté rond XS à L (XS - 25KG - 19CM),40,42,50.4,24,28.8,2
SBW-050, SandBag - Sac lesté rond XS à L (S - 45KG - 19CM),45,47.25,56.7,27,32.4,2.25
SBW-075, SandBag - Sac lesté rond XS à L (M - 70KG - 29CM),50,52.5,63,30,36,2.5
SBW-100, SandBag - Sac lesté rond XS à L (L - 105KG - 39CM),55,57.75,69.3,33,39.6,2.75
30 33.7 1040-G, Barre de Traction - Simple - Galva (1M04),50,52.5,63,40,48,2.5
30 33.7 1040-N," Barre de Traction - Simple (1M04, Noire Grain Moyen)",45,47.25,56.7,36,43.2,2.25
30 33.7 1040-SPEAL," Barre de Traction - Simple (1M04, Noire Speal)",45,47.25,56.7,36,43.2,2.25
30 33.7 1200-G, Barre de Traction - Simple - Galva (1M20),60,63,75.6,48,57.6,3
30 33.7 1200-N," Barre de Traction - Simple (1M20, Noire Grain Moyen)",55,57.75,69.3,44,52.8,2.75
30 33.7 1200-SPEAL," Barre de Traction - Simple (1M20, Noire Speal)",55,57.75,69.3,44,52.8,2.75
30 33.7 1500-G, Barre de Traction - Simple - Galva (1M50),60,63,75.6,48,57.6,3
30 33.7 1500-N," Barre de Traction - Simple (1M50, Noire Grain Moyen)",55,57.75,69.3,44,52.8,2.75
30 33.7 1500-SPEAL," Barre de Traction - Simple (1M50, Noire Speal)",55,57.75,69.3,44,52.8,2.75
"37 2,5 48.3 1040-N", Support Matériel Naria (1M04),65,68.25,81.9,52,62.4,3.25
"37 2,5 48.3 1200-N", Support Matériel Naria (1M20),75,78.75,94.5,60,72,3.75
"37 2,5 48.3 1800-N", Support Matériel Naria (1M80),85,89.25,107.1,68,81.6,4.25
6100-12100, Goujon d'ancrage (100mm),1,1.05,1.26,0.6,0.72,0.05
6100-12150, Goujon d'ancrage (150mm),1,1.05,1.26,0.6,0.72,0.05
90 33.7 1800-G, Barre de Traction - Gousset - Galva (1M80),60,63,75.6,48,57.6,3
90 33.7 1800-N," Barre de Traction - Gousset (1M80, Noire Grain Moyen)",55,57.75,69.3,44,52.8,2.75
90 33.7 1800-SPEAL," Barre de Traction - Gousset (1M80, Noire Speal)",55,57.75,69.3,44,52.8,2.75
90 33.7 2000-G, Barre de Traction - Gousset - Galva (2M00),90,94.5,113.4,72,86.4,4.5
90 33.7 2000-N," Barre de Traction - Gousset (2M00, Noire Grain Moyen)",85,89.25,107.1,68,81.6,4.25
90 33.7 2000-SPEAL," Barre de Traction - Gousset (2M00, Noire Speal)",85,89.25,107.1,68,81.6,4.25
AAB-001, Air Bike - Assault,915,960.75,1152.9,777.75,933.3,45.75
AAR-001, Air Runner Pro - Assault,3750,3937.5,4725,3187.5,3825,187.5
ABW-001, Ab Wheel - Roue de renforcement abdominal,12.5,13.125,15.75,7.5,9,0.625
ACM-060-G," Accroche Matériel (Entrainement - 6cm x 6cm, Galvanisation Brut)",33.25,34.9125,41.895,23.28,27.94,1.6625
ACM-060-N," Accroche Matériel (Entrainement - 6cm x 6cm, Noire Grain Fin)",33.25,34.9125,41.895,23.28,27.94,1.6625
ACM-080-G," Accroche Matériel (Competition - 8cm x 8cm, Galvanisation Brut)",33.25,34.9125,41.895,23.28,27.94,1.6625
ACM-080-N," Accroche Matériel (Competition - 8cm x 8cm, Noire Grain Fin)",33.25,34.9125,41.895,23.28,27.94,1.6625
ADP-001, Anneau de pilates - Pilates ring,12.5,13.125,15.75,6.25,7.5,0.625
ANC-001, Sangles Anneaux - Compétition,28.33,29.7465,35.6958,19.83,23.8,1.4165
ANM-001, Anneaux De Gym en métal pour extérieur,44,46.2,55.44,33,39.6,2.2
ASS-001, Accroche sangles de suspension,12.5,13.125,15.75,7.5,9,0.625
AXC-100-G/G, Aximus I (Galva - Brut Extérieure),715,750.75,900.9,572,686.4,35.75
AXC-100-N/N, Aximus I (Noire - Noire Grain Moyen),690,724.5,869.4,552,662.4,34.5
AXC-100-N/S, Aximus I (Noire - SPEAL),690,724.5,869.4,552,662.4,34.5
AXC-150-G/G, Aximus I.V (Galva - Brut Extérieure),1015,1065.75,1278.9,812,974.4,50.75
AXC-150-N/N, Aximus I.V (Noire - Noire Grain Moyen),975,1023.75,1228.5,780,936,48.75
AXC-150-N/S, Aximus I.V (Noire - SPEAL),975,1023.75,1228.5,780,936,48.75
AXC-200-G/G, Aximus II (Galva - Brut Extérieure),1505,1580.25,1896.3,1204,1444.8,75.25
AXC-200-N/N, Aximus II (Noire - Noire Grain Moyen),1450,1522.5,1827,1160,1392,72.5
AXC-200-N/S, Aximus II (Noire - SPEAL),1450,1522.5,1827,1160,1392,72.5
AXC-250-G/G, Aximus II.V (Galva - Brut Extérieure),1770,1858.5,2230.2,1416,1699.2,88.5
AXC-250-N/N, Aximus II.V (Noire - Noire Grain Moyen),1700,1785,2142,1360,1632,85
AXC-250-N/S, Aximus II.V (Noire - SPEAL),1700,1785,2142,1360,1632,85
AXC-300-G/G, Aximus III (Galva - Brut Extérieure),2260,2373,2847.6,1808,2169.6,113
AXC-300-N/N, Aximus III (Noire - Noire Grain Moyen),2175,2283.75,2740.5,1740,2088,108.75
AXC-300-N/S, Aximus III (Noire - SPEAL),2175,2283.75,2740.5,1740,2088,108.75
AXC-350-G/G, Aximus III.V (Galva - Brut Extérieure),2545,2672.25,3206.7,2036,2443.2,127.25
AXC-350-N/N, Aximus III.V (Noire - Noire Grain Moyen),2445,2567.25,3080.7,1956,2347.2,122.25
AXC-350-N/S, Aximus III.V (Noire - SPEAL),2445,2567.25,3080.7,1956,2347.2,122.25
AXC-400-G/G, Aximus IV (Galva - Brut Extérieure),3030,3181.5,3817.8,2424,2908.8,151.5
AXC-400-N/N, Aximus IV (Noire - Noire Grain Moyen),2915,3060.75,3672.9,2332,2798.4,145.75
AXC-400-N/S, Aximus IV (Noire - SPEAL),2915,3060.75,3672.9,2332,2798.4,145.75
AXC-450-G/G, Aximus IV.V (Galva - Brut Extérieure),3305,3470.25,4164.3,2644,3172.8,165.25
AXC-450-N/N, Aximus IV.V (Noire - Noire Grain Moyen),3175,3333.75,4000.5,2540,3048,158.75
AXC-450-N/S, Aximus IV.V (Noire - SPEAL),3175,3333.75,4000.5,2540,3048,158.75
AXC-500-G/G, Aximus V (Galva - Brut Extérieure),3795,3984.75,4781.7,3036,3643.2,189.75
AXC-500-N/N, Aximus V (Noire - Noire Grain Moyen),3650,3832.5,4599,2920,3504,182.5
AXC-500-N/S, Aximus V (Noire - SPEAL),3650,3832.5,4599,2920,3504,182.5
BAC-005, Haltère chargeable - Mini Barre 5 KG,57.5,60.375,72.45,40.25,48.3,2.875
BAC-015, Barre Olympique 15kg - Compétition,300,315,378,270,324,15
BAC-020, Barre Olympique 20kg - Compétition,320.83,336.8715,404.2458,288.75,346.5,16.0415
BAE-002, Marche du Fermier - Farmer Walk,185,194.25,233.1,148,177.6,9.25
BAE-003, Fat Barre Team - Axle Bar - StrongMan,215,225.75,270.9,172,206.4,10.75
BAE-004, Fat Barre - Axle Bar - StrongMan,120,126,151.2,90,108,6
BAH-003, Barre hexagonale - Trap Bar Deadlift,183.33,192.4965,230.9958,128.33,154,9.1665
BAH-100, Barre hexagonale Ouverte - Open trap bar,249,261.45,313.74,224.1,268.92,12.45
BAI-002, Barre Olympique 2.5kg 2.0 - Kids & Initiation,91.67,96.2535,115.5042,64.17,77,4.5835
BAI-005, Barre Olympique 5kg - Kids & Initiation,132.5,139.125,166.95,92.75,111.3,6.625
BAL-001, Ballon Pédagogique - Ballon Paille Pilates,2.5,2.625,3.15,1.5,1.8,0.125
BAM-001, Balle de Massage (D60),5,5.25,6.3,3,3.6,0.25
BAM-020, Barre Olympique 20kg - Musculation,132.5,139.125,166.95,92.75,111.3,6.625
BAM-120, Balle de Massage (D120),7.5,7.875,9.45,4.5,5.4,0.375
BAN-200, Banc - Home,91.67,96.2535,115.5042,55,66,4.5835
BAS-015, Barre Olympique 15KG Cerakote - Signature (Rouge By Beawolf),207.5,217.875,261.45,155.63,186.76,10.375
BAS-020, Barre Olympique 20KG Cerakote - Signature (Rouge By Beawolf),224.17,235.3785,282.4542,168.13,201.76,11.2085
BAS-215, Barre Olympique 15KG Cerakote - Signature (Bleu By Caco),207.5,217.875,261.45,155.63,186.76,10.375
BAS-220, Barre Olympique 20KG Cerakote - Signature (Bleu By Caco),224.17,235.3785,282.4542,168.13,201.76,11.2085
BAS-315, Barre Olympique 15KG Cerakote - Signature (Rose By Erin),207.5,217.875,261.45,155.63,186.76,10.375
BAS-320, Barre Olympique 20KG Cerakote - Signature (Rose By Erin),224.17,235.3785,282.4542,168.13,201.76,11.2085
BAS-415, Barre Olympique 15KG Cerakote - Signature (Noir By Willy),207.5,217.875,261.45,155.63,186.76,10.375
BAS-420, Barre Olympique 20KG Cerakote - Signature (Noir By Willy),224.17,235.3785,282.4542,168.13,201.76,11.2085
BAS-515, Barre Olympique 15KG Cerakote - Signature (Jaune Or By Lucas),207.5,217.875,261.45,155.63,186.76,10.375
BAS-520, Barre Olympique 20KG Cerakote - Signature (Jaune Or  By Lucas),224.17,235.3785,282.4542,168.13,201.76,11.2085
BAT-001, Bâton de Gym - Barre d'échauffement & Mobilité,5,5.25,6.3,3,3.6,0.25
BAW-010, Barre Olympique Courte - Short Bar 10kg - Wod,150,157.5,189,105,126,7.5
BAW-015, Barre Olympique Courte - Short Bar 15kg - Wod,190.83,200.3715,240.4458,133.58,160.3,9.5415
BAZ-001, EZ Curl Bar - Barre EZ,70.83,74.3715,89.2458,49.58,59.5,3.5415
BDS-060-G," Barre de Sécurité (Entrainement - 6cm x 6cm, Galvanisation Brut)",107.5,112.875,135.45,96.75,116.1,5.375
BDS-060-N," Barre de Sécurité (Entrainement - 6cm x 6cm, Noire Grain Fin)",107.5,112.875,135.45,96.75,116.1,5.375
BDS-080-G," Barre de Sécurité (Competition - 8cm x 8cm, Galvanisation Brut)",107.5,112.875,135.45,96.75,116.1,5.375
BDS-080-N," Barre de Sécurité (Competition - 8cm x 8cm, Noire Grain Fin)",107.5,112.875,135.45,96.75,116.1,5.375
BIK-001, Bike Erg - Concept 2,1283.33,1347.4965,1616.9958,1219.16,1462.99,64.1665
BIL-050, 5kg billes d'acier,16.67,17.5035,21.0042,11.67,14,0.8335
BINC-002, Banc de musculation inclinable - Bench,282.5,296.625,355.95,226,271.2,14.125
BLAZ-001, Pod seul Blazepod,79.17,83.1285,99.7542,75.21,90.25,3.9585
BLAZ-004, Kit Blazepod (Kit standard x4),307.5,322.875,387.45,292.13,350.56,15.375
BLAZ-006, Kit Blazepod (Kit Trainer x6),390.83,410.3715,492.4458,371.29,445.55,19.5415
BLAZ-100, Adaptateurs Blazepod pour cône,32.5,34.125,40.95,30.88,37.06,1.625
BLAZ-101, Kit de fixation Blazepod,24.17,25.3785,30.4542,22.96,27.55,1.2085
BLAZ-102, Base de chargement Blazepod,32.5,34.125,40.95,30.88,37.06,1.625
BLAZ-104, Malette de transport Blazepod (Malette pour 4 pods),40.83,42.8715,51.4458,38.79,46.55,2.0415
BLAZ-106, Malette de transport Blazepod (Malette pour 6 pods),45.83,48.1215,57.7458,43.54,52.25,2.2915
BLE-005," Bandes lestées (0,5KG)",7.5,7.875,9.45,3.75,4.5,0.375
BLE-010, Bandes lestées (1KG),10,10.5,12.6,5,6,0.5
BLE-020, Bandes lestées (2KG),13.33,13.9965,16.7958,6.67,8,0.6665
BOP-001, Barre Olympique 20 KG - Powerlifting,235,246.75,296.1,164.5,197.4,11.75
BRE-001, Bandes de poignets souples - Bracelets éponge (Noir),8.25,8.6625,10.395,4.95,5.94,0.4125
BRE-003, Bandes de poignets souples - Bracelets éponge (Bleu),8.25,8.6625,10.395,4.95,5.94,0.4125
BRE-004, Bandes de poignets souples - Bracelets éponge (Rouge),8.25,8.6625,10.395,4.95,5.94,0.4125
BRF-001, Bracelet de Force - Bande Poignet Velcro (Noir),10,10.5,12.6,6,7.2,0.5
BRF-002, Bracelet de Force - Bande Poignet Velcro (Rouge),10,10.5,12.6,6,7.2,0.5
BRF-004, Bracelet de Force - Bande Poignet Velcro (Bleu),10,10.5,12.6,6,7.2,0.5
BRF-006, Bracelet de Force - Bande Poignet Velcro (Sable),10,10.5,12.6,6,7.2,0.5
BRO-100, Kit Brouette Pour Sled Wod (kit uniquement),60,63,75.6,48,57.6,3
CAB-100, Pack de poignées de tirage ergonomiques - Poulie à charge guidée,220,231,277.2,132,158.4,11
CAG-001," Corde à Grimper Climbing Rope - 3,30 à 6 m (6M)",58.33,61.2465,73.4958,35,42,2.9165
CAG-080, Corde Courte de Suspension,24.17,25.3785,30.4542,14.5,17.4,1.2085
CAG-350," Corde à Grimper Climbing Rope - 3,30 à 6 m (3M30)",45.83,48.1215,57.7458,27.5,33,2.2915
CAG-500," Corde à Grimper Climbing Rope - 3,30 à 6 m (4M80)",54.17,56.8785,68.2542,32.5,39,2.7085
CAL-300, Squat Block - Cale Pied Squat,15,15.75,18.9,9,10.8,0.75
CDM-150ML, Crème Magnésie - Myleore (150ML),8.25,8.6625,10.395,6.6,7.92,0.4125
CDM-250ML, Crème Magnésie - Myleore (250ML),12.5,13.125,15.75,10,12,0.625
CEC-001," Ceinture D'Haltérophilie - Compétition (XS, Noir)",15,15.75,18.9,9,10.8,0.75
CEC-101," Ceinture D'Haltérophilie - Compétition (S, Noir)",15,15.75,18.9,9,10.8,0.75
CEC-201," Ceinture D'Haltérophilie - Compétition (M, Noir)",15,15.75,18.9,9,10.8,0.75
CED-001, Ceinture de lestage à chaîne - Dips et tractions,40,42,50.4,28,33.6,2
CEW-001," Ceinture D'Haltérophilie - WOD (XS, Noir)",15,15.75,18.9,9,10.8,0.75
CEW-002," Ceinture D'Haltérophilie - WOD (XS, Rouge)",15,15.75,18.9,9,10.8,0.75
CEW-004," Ceinture D'Haltérophilie - WOD (XS, Bleu)",15,15.75,18.9,9,10.8,0.75
CEW-101," Ceinture D'Haltérophilie - WOD (S, Noir)",15,15.75,18.9,9,10.8,0.75
CEW-102," Ceinture D'Haltérophilie - WOD (S, Rouge)",15,15.75,18.9,9,10.8,0.75
CEW-104," Ceinture D'Haltérophilie - WOD (S, Bleu)",15,15.75,18.9,9,10.8,0.75
CEW-201," Ceinture D'Haltérophilie - WOD (M, Noir)",15,15.75,18.9,9,10.8,0.75
CEW-202," Ceinture D'Haltérophilie - WOD (M, Rouge)",15,15.75,18.9,9,10.8,0.75
CEW-203," Ceinture D'Haltérophilie - WOD (M, Blanc)",15,15.75,18.9,9,10.8,0.75
CEW-204," Ceinture D'Haltérophilie - WOD (M, Bleu)",15,15.75,18.9,9,10.8,0.75
CEW-205," Ceinture D'Haltérophilie - WOD (M, Kaki)",15,15.75,18.9,9,10.8,0.75
CH45, Cerceaux Hexagonaux modulables - Echelle de vitesse,35,36.75,44.1,28,33.6,1.75
CHRO18, Chronomètre - Easy Timer,8.25,8.6625,10.395,6.6,7.92,0.4125
COC-100-G/G, Cotis I (Galva - Brut Extérieure),1050,1102.5,1323,840,1008,52.5
COC-100-N/N, Cotis I (Noire - Noire Grain Moyen),1010,1060.5,1272.6,808,969.6,50.5
COC-100-N/S, Cotis I (Noire - SPEAL),1010,1060.5,1272.6,808,969.6,50.5
COC-150-G/G, Cotis I.V (Galva - Brut Extérieure),1560,1638,1965.6,1248,1497.6,78
COC-150-N/N, Cotis I.V (Noire - Noire Grain Moyen),1495,1569.75,1883.7,1196,1435.2,74.75
COC-150-N/S, Cotis I.V (Noire - SPEAL),1495,1569.75,1883.7,1196,1435.2,74.75
COC-200-G/G, Cotis II (Galva - Brut Extérieure),2220,2331,2797.2,1776,2131.2,111
COC-200-N/N, Cotis II (Noire - Noire Grain Moyen),2130,2236.5,2683.8,1704,2044.8,106.5
COC-200-N/S, Cotis II (Noire - SPEAL),2130,2236.5,2683.8,1704,2044.8,106.5
COC-250-G/G, Cotis II.V (Galva - Brut Extérieure),2730,2866.5,3439.8,2184,2620.8,136.5
COC-250-N/N, Cotis II.V (Noire - Noire Grain Moyen),2615,2745.75,3294.9,2092,2510.4,130.75
COC-250-N/S, Cotis II.V (Noire - SPEAL),2615,2745.75,3294.9,2092,2510.4,130.75
COC-300-G/G, Cotis III (Galva - Brut Extérieure),3390,3559.5,4271.4,2712,3254.4,169.5
COC-300-N/N, Cotis III (Noire - Noire Grain Moyen),3250,3412.5,4095,2600,3120,162.5
COC-300-N/S, Cotis III (Noire - SPEAL),3250,3412.5,4095,2600,3120,162.5
COC-350-G/G, Cotis III.V (Galva - Brut Extérieure),3900,4095,4914,3120,3744,195
COC-350-N/N, Cotis III.V (Noire - Noire Grain Moyen),3735,3921.75,4706.1,2988,3585.6,186.75
COC-350-N/S, Cotis III.V (Noire - SPEAL),3735,3921.75,4706.1,2988,3585.6,186.75
COC-400-G/G, Cotis IV (Galva - Brut Extérieure),4560,4788,5745.6,3648,4377.6,228
COC-400-N/N, Cotis IV (Noire - Noire Grain Moyen),4370,4588.5,5506.2,3496,4195.2,218.5
COC-400-N/S, Cotis IV (Noire - SPEAL),4370,4588.5,5506.2,3496,4195.2,218.5
COC-450-G/G, Cotis IV.V (Galva - Brut Extérieure),5070,5323.5,6388.2,4056,4867.2,253.5
COC-450-N/N, Cotis IV.V (Noire - Noire Grain Moyen),4855,5097.75,6117.3,3884,4660.8,242.75
COC-450-N/S, Cotis IV.V (Noire - SPEAL),4855,5097.75,6117.3,3884,4660.8,242.75
COC-500-G/G, Cotis V (Galva - Brut Extérieure),5730,6016.5,7219.8,4584,5500.8,286.5
COC-500-N/N, Cotis V (Noire - Noire Grain Moyen),5490,5764.5,6917.4,4392,5270.4,274.5
COC-500-N/S, Cotis V (Noire - SPEAL),5490,5764.5,6917.4,4392,5270.4,274.5
COD-001, Corde Ondulatoire - Battle Rope - Entraînement,57.5,60.375,72.45,34.5,41.4,2.875
COD-003, Heavy Corde à sauter - Liseré Rouge,25,26.25,31.5,15,18,1.25
COD-038, Heavy Corde à Sauter - Compétition,33.33,34.9965,41.9958,20,24,1.6665
COD-138," Corde Ondulatoire - Battle Rope - Compétition (10M, D38)",74.17,77.8785,93.4542,51.92,62.3,3.7085
COD-150," Corde Ondulatoire - Battle Rope - Compétition (10M, D50)",91.67,96.2535,115.5042,73.34,88.01,4.5835
COD-238," Corde Ondulatoire - Battle Rope - Compétition (15M, D38)",91.67,96.2535,115.5042,73.34,88.01,4.5835
COL-001, Collier de Serrage 2.5kg,75,78.75,94.5,60,72,3.75
COL-003, Pinces - La paire,5.83,6.1215,7.3458,3.5,4.2,0.2915
COL-007, Pinces coudées - Stop Disque - La paire,5.83,6.1215,7.3458,3.5,4.2,0.2915
COL-248, Collier de Serrage 48mm Strongman - Stop Disque LOCK-JAW,33.33,34.9965,41.9958,26.66,31.99,1.6665
COL-500, Collier de Serrage - Stop Disque LOCK-JAW (Noir - Option Aimanté),35,36.75,44.1,28,33.6,1.75
COR-001, Corde à sauter lestée - Heavy Speed Rope,41.67,43.7535,52.5042,35.42,42.5,2.0835
COT-001, Corde de Tirage pour Sled 15m,105,110.25,132.3,63,75.6,5.25
CSE-001, Corde à Sauter - Entraînement (Bleu),10,10.5,12.6,6,7.2,0.5
CSE-002, Corde à Sauter - Entraînement (Noir),10,10.5,12.6,6,7.2,0.5
CSE-003, Corde à Sauter - Entraînement (Rouge),10,10.5,12.6,6,7.2,0.5
CSP-100, Corde à sauter Perlée - Spéciale Cross-overs ,9,9.45,11.34,5.4,6.48,0.45
CSR-002, Cable de Rechange (Noir),4.17,4.3785,5.2542,2.5,3,0.2085
CSR-006, Cable de rechange corde a sauter Elite,4.17,4.3785,5.2542,2.5,3,0.2085
CSW-001, Corde à Sauter- Elite (Longue),25,26.25,31.5,15,18,1.25
CWB-010-G, Cible WallBall (Galvanisation Brut),41.67,43.7535,52.5042,29.17,35,2.0835
CWB-010-N, Cible WallBall (Noire Grain Fin),41.67,43.7535,52.5042,29.17,35,2.0835
CWB-020-G, Cible WallBall H/F (Galvanisation Brut),55,57.75,69.3,38.5,46.2,2.75
CWB-020-N, Cible WallBall H/F (Noire Grain Fin),55,57.75,69.3,38.5,46.2,2.75
DAL-125, Dalle en caoutchouc amortissante - Norme BFL S1,45,47.25,56.7,40.5,48.6,2.25
DAL-221, Pente pour dalle - Premium (Blanc),15.5,16.275,19.53,13.95,16.74,0.775
DAL-222, Angle de pente pour dalle - Premium,30.5,32.025,38.43,27.45,32.94,1.525
DAL-223, Pente pour dalle - Premium (Noir),15.5,16.275,19.53,13.95,16.74,0.775
DBD-080, Double Bras à Dips,90,94.5,113.4,72,86.4,4.5
ECH-001, Echelle d'agilité,10,10.5,12.6,5,6,0.5
EGC-001-G, Extension rack Grannos (Galva - Brut Extérieure),260,273,327.6,234,280.8,13
EGC-001-N, Extension rack Grannos (Noire - Noire Grain Moyen),250,262.5,315,225,270,12.5
EIC-001-G, Extension rack Ivaros (Galva - Brut Extérieure),395,414.75,497.7,355.5,426.6,19.75
EIC-001-N, Extension rack Ivaros (Noire - Noire Grain Moyen),380,399,478.8,342,410.4,19
EN102-0-10, Cônes souples - Balisage de sol (Noir),3.75,3.9375,4.725,2.25,2.7,0.1875
EN102-0-30, Cônes souples - Balisage de sol (Jaune),3.75,3.9375,4.725,2.25,2.7,0.1875
EN102-0-40, Cônes souples - Balisage de sol (Bleu),3.75,3.9375,4.725,2.25,2.7,0.1875
EN102-0-52, Cônes souples - Balisage de sol (Orange),3.75,3.9375,4.725,2.25,2.7,0.1875
EN102-0-55, Cônes souples - Balisage de sol (Rose),3.75,3.9375,4.725,2.25,2.7,0.1875
EN102-0-70, Cônes souples - Balisage de sol (Vert),3.75,3.9375,4.725,2.25,2.7,0.1875
EN2051, Tableau blanc magnétique et effaçable,50,52.5,63,35,42,2.5
EN207, Haie de vélocité (15 x 47 cm),4.58,4.809,5.7708,3.21,3.85,0.229
EN208, Haie de vélocité (30 x 49 cm),5.42,5.691,6.8292,3.79,4.55,0.271
EN209, Haie de vélocité (45 x 50 cm),6.25,6.5625,7.875,4.38,5.26,0.3125
EN345, Kit cônes & support - Balisage de sol (40 cônes),15.83,16.6215,19.9458,11.08,13.3,0.7915
EN420, Kit cônes & support - Balisage de sol (20 cônes),8.33,8.7465,10.4958,5.83,7,0.4165
ENT016, Stockage de tapis mural - Porte Tapis,24.17,25.3785,30.4542,14.5,17.4,1.2085
EQL-001, Elastiques Renforcement - Bande de résistance XXS à XXL (XS - Rouge),11.67,12.2535,14.7042,7,8.4,0.5835
EQL-002, Elastiques Renforcement - Bande de résistance XXS à XXL (S - Noir),15,15.75,18.9,9,10.8,0.75
EQL-003, Elastiques Renforcement - Bande de résistance XXS à XXL (M - Violet),20,21,25.2,12,14.4,1
EQL-004, Elastiques Renforcement - Bande de résistance XXS à XXL (L - Vert),25.84,27.132,32.5584,15.5,18.6,1.292
EQL-005, Elastiques Renforcement - Bande de résistance XXS à XXL (XL - Bleu),33.34,35.007,42.0084,20,24,1.667
EQL-006, Elastiques Renforcement - Bande de résistance XXS à XXL (XXL - Orange),41.67,43.7535,52.5042,25,30,2.0835
EQL-007, Elastiques Renforcement - Bande de résistance XXS à XXL (XXS - Jaune),4.17,4.3785,5.2542,2.5,3,0.2085
EQL-100, Set 4 Mini Bandes Latex,8.33,8.7465,10.4958,4.17,5,0.4165
EQU-001, Balance d'équilibre,15,15.75,18.9,7.5,9,0.75
EQU-002, Base à picots,12.5,13.125,15.75,6.25,7.5,0.625
EQU-003, Dome Trainer,91.67,96.2535,115.5042,55,66,4.5835
ESC-100-G/G, Esus I (Galva - Brut Extérieure),585,614.25,737.1,468,561.6,29.25
ESC-100-N/N, Esus I (Noire - Noire Grain Moyen),560,588,705.6,448,537.6,28
ESC-100-N/S, Esus I (Noire - SPEAL),560,588,705.6,448,537.6,28
ESC-150-G/G, Esus I.V (Galva - Brut Extérieure),870,913.5,1096.2,696,835.2,43.5
ESC-150-N/N, Esus I.V (Noire - Noire Grain Moyen),830,871.5,1045.8,664,796.8,41.5
ESC-150-N/S, Esus I.V (Noire - SPEAL),830,871.5,1045.8,664,796.8,41.5
ESC-200-G/G, Esus II (Galva - Brut Extérieure),1230,1291.5,1549.8,984,1180.8,61.5
ESC-200-N/N, Esus II (Noire - Noire Grain Moyen),1175,1233.75,1480.5,940,1128,58.75
ESC-200-N/S, Esus II (Noire - SPEAL),1175,1233.75,1480.5,940,1128,58.75
ESC-250-G/G, Esus II.V (Galva - Brut Extérieure),1515,1590.75,1908.9,1212,1454.4,75.75
ESC-250-N/N, Esus II.V (Noire - Noire Grain Moyen),1445,1517.25,1820.7,1156,1387.2,72.25
ESC-250-N/S, Esus II.V (Noire - SPEAL),1445,1517.25,1820.7,1156,1387.2,72.25
ESC-300-G/G, Esus III (Galva - Brut Extérieure),1875,1968.75,2362.5,1500,1800,93.75
ESC-300-N/N, Esus III (Noire - Noire Grain Moyen),1790,1879.5,2255.4,1432,1718.4,89.5
ESC-300-N/S, Esus III (Noire - SPEAL),1790,1879.5,2255.4,1432,1718.4,89.5
ESC-350-G/G, Esus III.V (Galva - Brut Extérieure),2160,2268,2721.6,1728,2073.6,108
ESC-350-N/N, Esus III.V (Noire - Noire Grain Moyen),2060,2163,2595.6,1648,1977.6,103
ESC-350-N/S, Esus III.V (Noire - SPEAL),2060,2163,2595.6,1648,1977.6,103
ESC-400-G/G, Esus IV (Galva - Brut Extérieure),2520,2646,3175.2,2016,2419.2,126
ESC-400-N/N, Esus IV (Noire - Noire Grain Moyen),2405,2525.25,3030.3,1924,2308.8,120.25
ESC-400-N/S, Esus IV (Noire - SPEAL),2405,2525.25,3030.3,1924,2308.8,120.25
ESC-450-G/G, Esus IV.V (Galva - Brut Extérieure),2805,2945.25,3534.3,2244,2692.8,140.25
ESC-450-N/N, Esus IV.V (Noire - Noire Grain Moyen),2675,2808.75,3370.5,2140,2568,133.75
ESC-450-N/S, Esus IV.V (Noire - SPEAL),2675,2808.75,3370.5,2140,2568,133.75
ESC-500-G/G, Esus V (Galva - Brut Extérieure),3165,3323.25,3987.9,2532,3038.4,158.25
ESC-500-N/N, Esus V (Noire - Noire Grain Moyen),3020,3171,3805.2,2416,2899.2,151
ESC-500-N/S, Esus V (Noire - SPEAL),3020,3171,3805.2,2416,2899.2,151
ESPA FIX, Kit de Fixation Mural Universel - Espalier,4.92,5.166,6.1992,4.43,5.32,0.246
ESPA PLACO, Kit de fixation sur placo avec isolation mur plein - Espalier,11.58,12.159,14.5908,10.42,12.5,0.579
ESPA-AV, Avancée bois Sapin/Hêtre - Accessoire Espalier,57.5,60.375,72.45,51.75,62.1,2.875
ESPA-AV-FR, Avancée bois Frêne - Accessoire Espalier,61.67,64.7535,77.7042,55.5,66.6,3.0835
ESPA-AV-GRIL, Avancée grillagée pouliethérapie - Accessoire Espalier,107.5,112.875,135.45,96.75,116.1,5.375
ESPALIER-11-AV, Espalier 11 barreaux en Sapin/Hêtre - Classique (Avec avancée),244.17,256.3785,307.6542,219.75,263.7,12.2085
ESPALIER-11-S, Espalier 11 barreaux en Sapin/Hêtre - Classique (Sans avancée),186.67,196.0035,235.2042,168,201.6,9.3335
ESPALIER-FR-11-AV, Espalier 11 barreaux en Frêne massif - Premium (Avec avancée),294.17,308.8785,370.6542,264.75,317.7,14.7085
ESPALIER-FR-11-S, Espalier 11 barreaux en Frêne massif - Premium (Sans avancée),232.5,244.125,292.95,209.25,251.1,11.625
FAP-N, Fixation plafond agrès de Gym - Anneaux et Climbing Rope,90,94.5,113.4,72,86.4,4.5
FAT-001, Grip Fat - Musculation des avant-bras,15,15.75,18.9,9,10.8,0.75
FBA-001, Bande élastique tissu longue Fit' Band renforcement - XS à L (XS - Vert),10,10.5,12.6,6,7.2,0.5
FBA-002, Bande élastique tissu longue Fit' Band renforcement - XS à L (S - Jaune),10.83,11.3715,13.6458,6.5,7.8,0.5415
FBA-003, Bande élastique tissu longue Fit' Band renforcement - XS à L (M - Bleu),12.5,13.125,15.75,7.5,9,0.625
FBA-004, Bande élastique tissu longue Fit' Band renforcement - XS à L (L - Rouge),15,15.75,18.9,9,10.8,0.75
FCO-100-G, Accroche Corde Ondulatoire (Galvanisation Brut),41.67,43.7535,52.5042,33.34,40.01,2.0835
FCO-100-N, Accroche Corde Ondulatoire (Noire Grain Fin),41.67,43.7535,52.5042,33.34,40.01,2.0835
FI016, Hand grip - Pince de musculation,5,5.25,6.3,3.5,4.2,0.25
FI0180, Élastique de renforcement,50,52.5,63,30,36,2.5
FI019, Coussin d'équilibre - Pad,42.5,44.625,53.55,29.75,35.7,2.125
FI0503," Mini haltères - Dumbbell - 0,5 & 1 KG - LA PAIRE (0,5KG)",6.25,6.5625,7.875,4.38,5.26,0.3125
FI1003," Mini haltères - Dumbbell - 0,5 & 1 KG - LA PAIRE (1KG)",10,10.5,12.6,7,8.4,0.5
FIT01, Girevoy Kids - Kettlebell pour enfants,29.16,30.618,36.7416,23.33,28,1.458
FIT02, Pack Kids - Barre & bumpers pour enfants,49.58,52.059,62.4708,39.66,47.59,2.479
FIT03, Dumbbell Kids - Haltère pour enfants,29.16,30.618,36.7416,23.33,28,1.458
FIT04, Bumpers Kids - Poids olympiques pour enfants (Rouge),16.25,17.0625,20.475,13,15.6,0.8125
FIT05, Bumpers Kids - Poids olympiques pour enfants (Bleu),16.25,17.0625,20.475,13,15.6,0.8125
FIT06, Bumpers Kids - Poids olympiques pour enfants (Jaune),16.25,17.0625,20.475,13,15.6,0.8125
FIT07, Bumpers Kids - Poids olympiques pour enfants (Vert),16.25,17.0625,20.475,13,15.6,0.8125
FIT08, Bumpers Kids - Poids olympiques pour enfants (Blanc),16.25,17.0625,20.475,13,15.6,0.8125
FIT09, Barbell Mousse Kids - Barre olympique pour enfants,24.58,25.809,30.9708,19.66,23.59,1.229
FIT10, Girevoy Mousse Kids - Kettlebell pour enfants,16.25,17.0625,20.475,13,15.6,0.8125
FIT11, WallBall Mousse Kids - Wallball pour enfants,16.25,17.0625,20.475,13,15.6,0.8125
FIX-HSPU-G, Kit Fixation Mur HSPU (Mur non inclus) (Galvanisation Brut),121,127.05,152.46,96.8,116.16,6.05
FIX-HSPU-N, Kit Fixation Mur HSPU (Mur non inclus) (Noire Grain Fin),121,127.05,152.46,96.8,116.16,6.05
FLYC-001-G," Pont de Singe Incliné 1040 (Competition - 8cm x 8cm, Galvanisation Brut)",400,420,504,320,384,20
FLYC-001-N," Pont de Singe Incliné 1040 (Competition - 8cm x 8cm, Noire Grain Fin)",375,393.75,472.5,300,360,18.75
FLYC-002-G," Pont de Singe Incliné 1800 (Competition - 8cm x 8cm, Galvanisation Brut)",441.67,463.7535,556.5042,353.34,424.01,22.0835
FLYC-002-N," Pont de Singe Incliné 1800 (Competition - 8cm x 8cm, Noire Grain Fin)",416.67,437.5035,525.0042,333.34,400.01,20.8335
FLYE-001-G," Pont de Singe Incliné 1040 (Entrainement - 6cm x 6cm, Galvanisation Brut)",400,420,504,320,384,20
FLYE-001-N," Pont de Singe Incliné 1040 (Entrainement - 6cm x 6cm, Noire Grain Fin)",375,393.75,472.5,300,360,18.75
FLYE-002-G," Pont de Singe Incliné 1800 (Entrainement - 6cm x 6cm, Galvanisation Brut)",441.67,463.7535,556.5042,353.34,424.01,22.0835
FLYE-002-N," Pont de Singe Incliné 1800 (Entrainement - 6cm x 6cm, Noire Grain Fin)",416.67,437.5035,525.0042,333.34,400.01,20.8335
FRI-001, Fit' Ring à l'unité - XS à L (XS),2.5,2.625,3.15,1.5,1.8,0.125
FRI-002, Fit' Ring à l'unité - XS à L (S),3.33,3.4965,4.1958,2,2.4,0.1665
FRI-003, Fit' Ring à l'unité - XS à L (M),4.17,4.3785,5.2542,2.5,3,0.2085
FRI-004, Fit' Ring à l'unité - XS à L (L),5,5.25,6.3,3,3.6,0.25
FRI-100, Bande élastique tissu Fit' Ring musculation - XS à L,15,15.75,18.9,9,10.8,0.75
GEN-001, Genouillères Cross-Training & Musculation - S à XXL (S),33.33,34.9965,41.9958,20,24,1.6665
GEN-002, Genouillères Cross-Training & Musculation - S à XXL (M),33.33,34.9965,41.9958,20,24,1.6665
GEN-003, Genouillères Cross-Training & Musculation - S à XXL (L),33.33,34.9965,41.9958,20,24,1.6665
GEN-004, Genouillères Cross-Training & Musculation - S à XXL (XL),33.33,34.9965,41.9958,20,24,1.6665
GEN-005, Genouillères Cross-Training & Musculation - S à XXL (XXL),33.33,34.9965,41.9958,20,24,1.6665
GHD-001, Glute Ham Developper GHD,482.5,506.625,607.95,434.25,521.1,24.125
GHD-002, Glute Ham Developper GHD - Sur Rack,310,325.5,390.6,186,223.2,15.5
GIL-002, Kit de Lestage 10KG - Entraînement,25,26.25,31.5,17.5,21,1.25
GIL-005, Kit de Lestage - Compétition (3KG),29.17,30.6285,36.7542,20.42,24.5,1.4585
GIL-006, Kit de Lestage - Compétition (6KG),33.33,34.9965,41.9958,23.33,28,1.6665
GIL-007, Kit de Lestage - Compétition (9KG (4 Plaques)),62.5,65.625,78.75,43.75,52.5,3.125
GIL-009, Kit de Lestage - Compétition (9KG (2 Plaques)),57.5,60.375,72.45,40.25,48.3,2.875
GIL-013, Gilet Lesté - Compétition 2.0,82.5,86.625,103.95,57.75,69.3,4.125
GIL-200, Gilet Lesté 20KG - Entraînement,107.5,112.875,135.45,64.5,77.4,5.375
GLI-001, Patins de glisse,8.33,8.7465,10.4958,4.17,5,0.4165
GOU-001, Goupille,25,26.25,31.5,23.75,28.5,1.25
GRA-050, 5kg Granule Caoutchouc 2-4mm,8.33,8.7465,10.4958,5.83,7,0.4165
GY22-0-30, Latte - Balisage de sol (Jaune),2.08,2.184,2.6208,1.25,1.5,0.104
GY22-0-40, Latte - Balisage de sol (Bleu),2.08,2.184,2.6208,1.25,1.5,0.104
GY22-0-52, Latte - Balisage de sol (Orange),2.08,2.184,2.6208,1.25,1.5,0.104
GYB-055, Gym Ball - Ballon de Gym (S - 55CM),8.33,8.7465,10.4958,4.17,5,0.4165
GYB-065, Gym Ball - Ballon de Gym (M - 65CM),10,10.5,12.6,5,6,0.5
GYB-075, Gym Ball - Ballon de Gym (L - 75CM),10.83,11.3715,13.6458,5.42,6.5,0.5415
HSP-001, Mur HSPU - Plexy,165,173.25,207.9,132,158.4,8.25
HSP-150, Tapis à HSPU ,45.83,48.1215,57.7458,27.5,33,2.2915
HWB-001, Housse de Rénovation pour Wall Ball,26,27.3,32.76,18.2,21.84,1.3
JPB-001, Box Jump Bois,115.83,121.6215,145.9458,69.5,83.4,5.7915
JPB-003, Petite Box Jump Bois - Kids,54.17,56.8785,68.2542,32.5,39,2.7085
JPB-006, Box Jump Bulle d'air®,165,173.25,207.9,123.75,148.5,8.25
JPB-710, Plyobox modulable - Box Jump mousse modulable,416.67,437.5035,525.0042,250,300,20.8335
KBA-001, Kettlebell chargeable - Charge Ajustable - 12 à 32 KG,165.83,174.1215,208.9458,99.5,119.4,8.2915
KBC-060, Kettlebell Girevoy - Compétition - 4 à 40 KG (6KG - Grise),32.5,34.125,40.95,24.38,29.26,1.625
KBC-080, Kettlebell Girevoy - Compétition - 4 à 40 KG (8KG - Rose),35,36.75,44.1,26.25,31.5,1.75
KBC-120, Kettlebell Girevoy - Compétition - 4 à 40 KG (12KG - Bleu),40.83,42.8715,51.4458,30.62,36.74,2.0415
KBC-160, Kettlebell Girevoy - Compétition - 4 à 40 KG (16KG - Jaune),52.5,55.125,66.15,39.38,47.26,2.625
KBC-200, Kettlebell Girevoy - Compétition - 4 à 40 KG (20KG - Violet),65,68.25,81.9,48.75,58.5,3.25
KBC-240, Kettlebell Girevoy - Compétition - 4 à 40 KG (24KG - Vert),75,78.75,94.5,56.25,67.5,3.75
KBC-280, Kettlebell Girevoy - Compétition - 4 à 40 KG (28KG - Orange),87.5,91.875,110.25,65.63,78.76,4.375
KBC-320, Kettlebell Girevoy - Compétition - 4 à 40 KG (32KG - Rouge),95,99.75,119.7,71.25,85.5,4.75
KBC-360, Kettlebell Girevoy - Compétition - 4 à 40 KG (36KG - Gris),115.83,121.6215,145.9458,92.66,111.19,5.7915
KBC-400, Kettlebell Girevoy - Compétition - 4 à 40 KG (40KG - Blanc),179.17,188.1285,225.7542,143.34,172.01,8.9585
KIT-002, Kit Poulie Musculation - Appareil à charge Manuel,65.83,69.1215,82.9458,46.08,55.3,3.2915
KIT-004, Kit Poulie Démontable sur pied,460,483,579.6,299,358.8,23
KIT-005, Kit Poulie Fixe,1417,1487.85,1785.42,1275.3,1530.36,70.85
LEGEXT-080-N, Leg Extension - Extension de jambe,400,420,504,380,456,20
LEV-001," Banc type ""Suédois"" - LEVEL addict",415,435.75,522.9,394.25,473.1,20.75
LEV-002, Tunnel - LEVEL addict,582.5,611.625,733.95,553.38,664.06,29.125
LMB-001, Landmine Nomade - Caoutchouc,35,36.75,44.1,24.5,29.4,1.75
LMB-060-G," Landmine Musculation - Fixation Rack (Entrainement - 6cm x 6cm, Galvanisation Brut)",75,78.75,94.5,52.5,63,3.75
LMB-060-N," Landmine Musculation - Fixation Rack (Entrainement - 6cm x 6cm, Noire Grain Fin)",75,78.75,94.5,52.5,63,3.75
LMB-080-G," Landmine Musculation - Fixation Rack (Competition - 8cm x 8cm, Galvanisation Brut)",75,78.75,94.5,52.5,63,3.75
LMB-080-N," Landmine Musculation - Fixation Rack (Competition - 8cm x 8cm, Noire Grain Fin)",75,78.75,94.5,52.5,63,3.75
MAG-001, Bloc de Magnésie,15,15.75,18.9,10.5,12.6,0.75
MAN-000, Maniques de gym - Grise - Similicuir (XXL),12.5,13.125,15.75,7.5,9,0.625
MAN-001, Maniques de gym - Grise - Similicuir (S),12.5,13.125,15.75,7.5,9,0.625
MAN-002, Maniques de gym - Grise - Similicuir (M),12.5,13.125,15.75,7.5,9,0.625
MAN-003, Maniques de gym - Grise - Similicuir (L),12.5,13.125,15.75,7.5,9,0.625
MAN-004, Maniques de gym - Grise - Similicuir (XL),12.5,13.125,15.75,7.5,9,0.625
MAN-100, Maniques de gym - Rouge - Sans magnésie (S),24.17,25.3785,30.4542,16.92,20.3,1.2085
MAN-200, Maniques de gym - Rouge - Sans magnésie (M),24.17,25.3785,30.4542,16.92,20.3,1.2085
MAN-300, Maniques de gym - Rouge - Sans magnésie (L),24.17,25.3785,30.4542,16.92,20.3,1.2085
MAN-400, Maniques de gym - Rouge - Sans magnésie (XL),24.17,25.3785,30.4542,16.92,20.3,1.2085
MAT-001, Crash Mat - La Paire,165.83,174.1215,208.9458,99.5,119.4,8.2915
MAT-100, Rack de Stockage de tapis à roulettes,115.83,121.6215,145.9458,81.08,97.3,5.7915
MB0100, Médecine Ball - 1 à 5 KG (1 KG),20,21,25.2,14,16.8,1
MB0150," Médecine Ball - 1 à 5 KG (1,5 KG)",22.5,23.625,28.35,15.75,18.9,1.125
MB0200, Médecine Ball - 1 à 5 KG (2 KG),25,26.25,31.5,17.5,21,1.25
MB0300, Médecine Ball - 1 à 5 KG (3 KG),30,31.5,37.8,21,25.2,1.5
MB0400, Médecine Ball - 1 à 5 KG (4 KG),35,36.75,44.1,24.5,29.4,1.75
MB0500, Médecine Ball - 1 à 5 KG (5 KG),40,42,50.4,28,33.6,2
MB120N, Bande de Boxe - Metal Boxe,5.58,5.859,7.0308,4.46,5.35,0.279
MB140SR, Gants de Combat Libre - Metal Boxe,24.99,26.2395,31.4874,19.99,23.99,1.2495
MB153NL, Protège Tibia et Pied - Metal Boxe (L),13.33,13.9965,16.7958,10.66,12.79,0.6665
MB153NM, Protège Tibia et Pied - Metal Boxe (M),13.33,13.9965,16.7958,10.66,12.79,0.6665
MB153NS, Protège Tibia et Pied - Metal Boxe (S),13.33,13.9965,16.7958,10.66,12.79,0.6665
MB153NXL, Protège Tibia et Pied - Metal Boxe (XL),13.33,13.9965,16.7958,10.66,12.79,0.6665
MB153NXS, Protège Tibia et Pied - Metal Boxe (XS),13.33,13.9965,16.7958,10.66,12.79,0.6665
MB172L, Pao Club - Metal Boxe (L),40.83,42.8715,51.4458,32.66,39.19,2.0415
MB172M, Pao Club - Metal Boxe (M),37.5,39.375,47.25,30,36,1.875
MB178, Round Punch - Metal Boxe,63.33,66.4965,79.7958,50.66,60.79,3.1665
MB200N08, Gants Entraînement - Metal Boxe (08 OZ),25,26.25,31.5,20,24,1.25
MB200N10, Gants Entraînement - Metal Boxe (10 OZ),25,26.25,31.5,20,24,1.25
MB200N12, Gants Entraînement - Metal Boxe (12 OZ),25,26.25,31.5,20,24,1.25
MB200N14, Gants Entraînement - Metal Boxe (14 OZ),25,26.25,31.5,20,24,1.25
MB200N16, Gants Entraînement - Metal Boxe (16 OZ),25,26.25,31.5,20,24,1.25
MB216L, Pattes D'Ours Courbées - Metal Boxe (L),54.17,56.8785,68.2542,43.34,52.01,2.7085
MB216M, Pattes D'Ours Courbées - Metal Boxe (M),50,52.5,63,40,48,2.5
MB311N180P (MET-027), Sac de frappe plein club line noir  180,183.33,192.4965,230.9958,146.66,175.99,9.1665
MB3120, Sac de Frappe - Metal Boxe (1M20),108.33,113.7465,136.4958,86.66,103.99,5.4165
MB3150, Sac de Frappe - Metal Boxe (1M50),125,131.25,157.5,100,120,6.25
MB456SRN, Protège-dents - Metal Boxe,3.33,3.4965,4.1958,2.66,3.19,0.1665
MB900L, Bouclier de Frappe Droit - Metal Boxe (L),79.17,83.1285,99.7542,63.34,76.01,3.9585
MB900M, Bouclier de Frappe Droit - Metal Boxe (M),58.33,61.2465,73.4958,46.66,55.99,2.9165
MB900XL, Bouclier de Frappe Droit - Metal Boxe (XL),83.33,87.4965,104.9958,66.66,79.99,4.1665
MBGAN9100N08, Gants de Boxe Lavables - Metal Boxe (08 OZ),33.33,34.9965,41.9958,26.66,31.99,1.6665
MBGAN9100N10, Gants de Boxe Lavables - Metal Boxe (10 OZ),33.33,34.9965,41.9958,26.66,31.99,1.6665
MBGAN9100N12, Gants de Boxe Lavables - Metal Boxe (12 OZ),33.33,34.9965,41.9958,26.66,31.99,1.6665
MCB-004, Macebell - Clubbell - Massue de musculation (4 KG),30,31.5,37.8,22.5,27,1.5
MCB-006, Macebell - Clubbell - Massue de musculation (6 KG),35,36.75,44.1,26.25,31.5,1.75
MCB-008, Macebell - Clubbell - Massue de musculation (8 KG),40,42,50.4,30,36,2
MCB-010, Macebell - Clubbell - Massue de musculation (10 KG),45,47.25,56.7,33.75,40.5,2.25
MCB-012, Macebell - Clubbell - Massue de musculation (12 KG),55,57.75,69.3,41.25,49.5,2.75
MCB-015, Macebell - Clubbell - Massue de musculation (15 KG),65,68.25,81.9,48.75,58.5,3.25
MCP-80, Marche pied,20,21,25.2,14,16.8,1
MPM-001, Manchon de protection en mousse 2.0,10,10.5,12.6,4,4.8,0.5
OSK-001, Plateforme Ski Erg - Concept 2,250,262.5,315,237.5,285,12.5
OSK-002, Plateforme XL Ski Erg - Concept 2,280,294,352.8,266,319.2,14
OSKF-100, Plateforme pour Ski - FIT' & RACK,200,210,252,170,204,10
OTC-100-G," Extension Corde (Competition - 8cm x 8cm, Galvanisation Brut)",150,157.5,189,120,144,7.5
OTC-100-N," Extension Corde (Competition - 8cm x 8cm, Noire Grain Fin)",150,157.5,189,120,144,7.5
OTE-100-G," Extension Corde (Entrainement - 6cm x 6cm, Galvanisation Brut)",125,131.25,157.5,100,120,6.25
OTE-100-N," Extension Corde (Entrainement - 6cm x 6cm, Noire Grain Fin)",125,131.25,157.5,100,120,6.25
PAC-001-6, Pack Gilet lesté (6KG),115.83,121.6215,145.9458,86.87,104.24,5.7915
PAC-009-2, Pack Gilet lesté (9KG (2 Plaques)),140,147,176.4,105,126,7
PAC-009-4, Pack Gilet lesté (9KG (4 Plaques)),145,152.25,182.7,108.75,130.5,7.25
PAPM, Pompe à main,3.33,3.4965,4.1958,2.33,2.8,0.1665
PAT-001, Patch Velcro - FIT' & RACK (Rectangle 55 x 165 mm),5,5.25,6.3,3,3.6,0.25
PAT-004, Patch en caoutchouc - Blason France,8.33,8.7465,10.4958,5,6,0.4165
PAT-005, Patch Velcro - FIT' & RACK (Carré 55 x 55 mm),5,5.25,6.3,3,3.6,0.25
PAT-100, Patch - Pays (France),4.17,4.3785,5.2542,2.5,3,0.2085
PAT-101, Patch - Pays (Chine),4.17,4.3785,5.2542,2.5,3,0.2085
PAT-102, Patch - Pays (US Black),4.17,4.3785,5.2542,2.5,3,0.2085
PAT-103, Patch - Pays (Russie),4.17,4.3785,5.2542,2.5,3,0.2085
PAT-104, Patch - Pays (Allemagne),4.17,4.3785,5.2542,2.5,3,0.2085
PAT-105, Patch - Pays (Suisse),4.17,4.3785,5.2542,2.5,3,0.2085
PAT-106, Patch - Pays (Italie),4.17,4.3785,5.2542,2.5,3,0.2085
PAT-107, Patch - Pays (Espagne),4.17,4.3785,5.2542,2.5,3,0.2085
PAT-108, Patch - Pays (Belgique),4.17,4.3785,5.2542,2.5,3,0.2085
PAT-109, Patch - Pays (Portugal),4.17,4.3785,5.2542,2.5,3,0.2085
PAT-110, Patch - Pays (Canada),4.17,4.3785,5.2542,2.5,3,0.2085
PAT-111, Patch - Pays (Royaume Uni),4.17,4.3785,5.2542,2.5,3,0.2085
PAT-112, Patch - Pays (Bulgarie),4.17,4.3785,5.2542,2.5,3,0.2085
PAT-113, Patch - Pays (Brésil),4.17,4.3785,5.2542,2.5,3,0.2085
PBH-100, Power Bag - Hybride (10 KG),45,47.25,56.7,29.25,35.1,2.25
PBH-200, Power Bag - Hybride (20 KG),55,57.75,69.3,35.75,42.9,2.75
PBH-300, Power Bag - Hybride (30 KG),65,68.25,81.9,42.25,50.7,3.25
PDS-060-G," Plateforme de Saut (Entrainement - 6cm x 6cm, Galvanisation Brut)",105,110.25,132.3,84,100.8,5.25
PDS-060-N," Plateforme de Saut (Entrainement - 6cm x 6cm, Noire Grain Fin)",105,110.25,132.3,84,100.8,5.25
PDS-080-G," Plateforme de Saut (Competition - 8cm x 8cm, Galvanisation Brut)",150,157.5,189,120,144,7.5
PDS-080-N," Plateforme de Saut (Competition - 8cm x 8cm, Noire Grain Fin)",150,157.5,189,120,144,7.5
PEG-002, Peg Board 2.0 (prises d'escalade non incluses),91.67,96.2535,115.5042,64.17,77,4.5835
PEG-003, Peg Board 2.0 (kit de prises d'escalade incluses),108.33,113.7465,136.4958,75.83,91,5.4165
PGFR-110-V, Piste en gazon synthétique FIT' & RACK (1mx10m),580,609,730.8,377,452.4,29
PGFR-115-V, Piste en gazon synthétique FIT' & RACK (1mx15m),885,929.25,1115.1,575.25,690.3,44.25
PGFR-210-V, Piste en gazon synthétique FIT' & RACK (2mx10m),1180,1239,1486.8,767,920.4,59
PGFR-215-V, Piste en gazon synthétique FIT' & RACK (2mx15m),1770,1858.5,2230.2,1150.5,1380.6,88.5
PGP-110-B," Piste en gazon synthétique - Premium (Bleu, 1mx10m)",580,609,730.8,522,626.4,29
PGP-110-G," Piste en gazon synthétique - Premium (Gris Anthracite, 1mx10m)",580,609,730.8,522,626.4,29
PGP-110-O," Piste en gazon synthétique - Premium (Orange, 1mx10m)",580,609,730.8,522,626.4,29
PGP-110-R," Piste en gazon synthétique - Premium (Rouge, 1mx10m)",580,609,730.8,522,626.4,29
PGP-110-V," Piste en gazon synthétique - Premium (Vert, 1mx10m)",580,609,730.8,522,626.4,29
PGP-115-B," Piste en gazon synthétique - Premium (Bleu, 1mx15m)",885,929.25,1115.1,796.5,955.8,44.25
PGP-115-G," Piste en gazon synthétique - Premium (Gris Anthracite, 1mx15m)",885,929.25,1115.1,796.5,955.8,44.25
PGP-115-O," Piste en gazon synthétique - Premium (Orange, 1mx15m)",885,929.25,1115.1,796.5,955.8,44.25
PGP-115-R," Piste en gazon synthétique - Premium (Rouge, 1mx15m)",885,929.25,1115.1,796.5,955.8,44.25
PGP-115-V," Piste en gazon synthétique - Premium (Vert, 1mx15m)",885,929.25,1115.1,796.5,955.8,44.25
PGP-120-B," Piste en gazon synthétique - Premium (Bleu, 1mx20m)",1180,1239,1486.8,1062,1274.4,59
PGP-120-G," Piste en gazon synthétique - Premium (Gris Anthracite, 1mx20m)",1180,1239,1486.8,1062,1274.4,59
PGP-120-O," Piste en gazon synthétique - Premium (Orange, 1mx20m)",1180,1239,1486.8,1062,1274.4,59
PGP-120-R," Piste en gazon synthétique - Premium (Rouge, 1mx20m)",1180,1239,1486.8,1062,1274.4,59
PGP-120-V," Piste en gazon synthétique - Premium (Vert, 1mx20m)",1180,1239,1486.8,1062,1274.4,59
PGP-210-B," Piste en gazon synthétique - Premium (Bleu, 2mx10m)",1180,1239,1486.8,1062,1274.4,59
PGP-210-G," Piste en gazon synthétique - Premium (Gris Anthracite, 2mx10m)",1180,1239,1486.8,1062,1274.4,59
PGP-210-O," Piste en gazon synthétique - Premium (Orange, 2mx10m)",1180,1239,1486.8,1062,1274.4,59
PGP-210-R," Piste en gazon synthétique - Premium (Rouge, 2mx10m)",1180,1239,1486.8,1062,1274.4,59
PGP-210-V," Piste en gazon synthétique - Premium (Vert, 2mx10m)",1180,1239,1486.8,1062,1274.4,59
PGP-215-B," Piste en gazon synthétique - Premium (Bleu, 2mx15m)",1770,1858.5,2230.2,1593,1911.6,88.5
PGP-215-G," Piste en gazon synthétique - Premium (Gris Anthracite, 2mx15m)",1770,1858.5,2230.2,1593,1911.6,88.5
PGP-215-O," Piste en gazon synthétique - Premium (Orange, 2mx15m)",1770,1858.5,2230.2,1593,1911.6,88.5
PGP-215-R," Piste en gazon synthétique - Premium (Rouge, 2mx15m)",1770,1858.5,2230.2,1593,1911.6,88.5
PGP-215-V," Piste en gazon synthétique - Premium (Vert, 2mx15m)",1770,1858.5,2230.2,1593,1911.6,88.5
PGP-220-B," Piste en gazon synthétique - Premium (Bleu, 2mx20m)",2360,2478,2973.6,2124,2548.8,118
PGP-220-G," Piste en gazon synthétique - Premium (Gris Anthracite, 2mx20m)",2360,2478,2973.6,2124,2548.8,118
PGP-220-O," Piste en gazon synthétique - Premium (Orange, 2mx20m)",2360,2478,2973.6,2124,2548.8,118
PGP-220-R," Piste en gazon synthétique - Premium (Rouge, 2mx20m)",2360,2478,2973.6,2124,2548.8,118
PGP-220-V," Piste en gazon synthétique - Premium (Vert, 2mx20m)",2360,2478,2973.6,2124,2548.8,118
PLA-050, Stockage en épi de Poids de musculation (Ø 50 mm),115.83,121.6215,145.9458,69.5,83.4,5.7915
PLC-104-G," Plaque de Lestage Rack (Competition - 8cm x 8cm, Galva - Brut Extérieure, 1M04)",250,262.5,315,225,270,12.5
PLC-104-N," Plaque de Lestage Rack (Competition - 8cm x 8cm, Noire - Noire Grain Moyen, 1M04)",250,262.5,315,225,270,12.5
PLC-150-G," Plaque de Lestage Rack (Competition - 8cm x 8cm, Galva - Brut Extérieure, 1M50)",250,262.5,315,225,270,12.5
PLC-150-N," Plaque de Lestage Rack (Competition - 8cm x 8cm, Noire - Noire Grain Moyen, 1M50)",250,262.5,315,225,270,12.5
PLC-180-G," Plaque de Lestage Rack (Competition - 8cm x 8cm, Galva - Brut Extérieure, 1M80)",250,262.5,315,225,270,12.5
PLC-180-N," Plaque de Lestage Rack (Competition - 8cm x 8cm, Noire - Noire Grain Moyen, 1M80)",250,262.5,315,225,270,12.5
PLC-200-G," Plaque de Lestage Rack (Competition - 8cm x 8cm, Galva - Brut Extérieure, 2M00)",250,262.5,315,225,270,12.5
PLC-200-N," Plaque de Lestage Rack (Competition - 8cm x 8cm, Noire - Noire Grain Moyen, 2M00)",250,262.5,315,225,270,12.5
PLE-104-G," Plaque de Lestage Rack (Entrainement - 6cm x 6cm, Galva - Brut Extérieure, 1M04)",250,262.5,315,225,270,12.5
PLE-104-N," Plaque de Lestage Rack (Entrainement - 6cm x 6cm, Noire - Noire Grain Moyen, 1M04)",250,262.5,315,225,270,12.5
PLE-150-G," Plaque de Lestage Rack (Entrainement - 6cm x 6cm, Galva - Brut Extérieure, 1M50)",250,262.5,315,225,270,12.5
PLE-150-N," Plaque de Lestage Rack (Entrainement - 6cm x 6cm, Noire - Noire Grain Moyen, 1M50)",250,262.5,315,225,270,12.5
PLE-180-G," Plaque de Lestage Rack (Entrainement - 6cm x 6cm, Galva - Brut Extérieure, 1M80)",250,262.5,315,225,270,12.5
PLE-180-N," Plaque de Lestage Rack (Entrainement - 6cm x 6cm, Noire - Noire Grain Moyen, 1M80)",250,262.5,315,225,270,12.5
PLE-200-G," Plaque de Lestage Rack (Entrainement - 6cm x 6cm, Galva - Brut Extérieure, 2M00)",250,262.5,315,225,270,12.5
PLE-200-N," Plaque de Lestage Rack (Entrainement - 6cm x 6cm, Noire - Noire Grain Moyen, 2M00)",250,262.5,315,225,270,12.5
PLH-101, Plateau bois 100x100cm - FIT' & RACK,149.2,156.66,187.992,126.82,152.18,7.46
PLH-125, Plateau D'Haltérophilie - EP25mm (1x3M),575,603.75,724.5,460,552,28.75
PLH-140, Plateau D'Haltérophilie - EP40mm (1x3M),600,630,756,480,576,30
PLH-225, Plateau D'Haltérophilie - EP25mm (2x3M),783.33,822.4965,986.9958,626.66,751.99,39.1665
PLH-240, Plateau D'Haltérophilie - EP40mm (2x3M),833,874.65,1049.58,666.4,799.68,41.65
PLH-325, Plateau D'Haltérophilie - EP25mm (3x3M),1000,1050,1260,800,960,50
PLH-340, Plateau D'Haltérophilie - EP40mm (3x3M),1166,1224.3,1469.16,932.8,1119.36,58.3
PLH-400, Plateau D'Haltérophilie - EP40mm (4x4M),1624.17,1705.3785,2046.4542,1299.34,1559.21,81.2085
PLO-001, Plots de Jeté - Haltérophilie,624.17,655.3785,786.4542,499.34,599.21,31.2085
PLO-300, Plots Technique - Haltérophilie,249.17,261.6285,313.9542,211.79,254.15,12.4585
PLT-001, Parallettes Gymnastique - Station Street Workout,132.5,139.125,166.95,119.25,143.1,6.625
PMF-060-G," Prise Neutre (Entrainement - 6cm x 6cm, Galvanisation Brut)",100,105,126,80,96,5
PMF-060-N," Prise Neutre (Entrainement - 6cm x 6cm, Noire Grain Moyen)",100,105,126,80,96,5
PMF-080-G," Prise Neutre (Competition - 8cm x 8cm, Galvanisation Brut)",125,131.25,157.5,100,120,6.25
PMF-080-N," Prise Neutre (Competition - 8cm x 8cm, Noire Grain Moyen)",125,131.25,157.5,100,120,6.25
POB-005, Power Bag - Sac lesté à poignées 5 à 30 kg (5 KG),38.75,40.6875,48.825,27.13,32.56,1.9375
POB-010, Power Bag - Sac lesté à poignées 5 à 30 kg (10 KG),41.25,43.3125,51.975,28.88,34.66,2.0625
POB-015, Power Bag - Sac lesté à poignées 5 à 30 kg (15 KG),45,47.25,56.7,31.5,37.8,2.25
POB-020, Power Bag - Sac lesté à poignées 5 à 30 kg (20 KG),50,52.5,63,35,42,2.5
POB-025, Power Bag - Sac lesté à poignées 5 à 30 kg (25 KG),55,57.75,69.3,38.5,46.2,2.75
POB-030, Power Bag - Sac lesté à poignées 5 à 30 kg (30 KG),60,63,75.6,42,50.4,3
POC-005," Poids Additionnels - Compétition (0,50KG - Blanc)",10,10.5,12.6,7,8.4,0.5
POC-010," Poids Additionnels - Compétition (1,00KG - Vert)",12.5,13.125,15.75,8.75,10.5,0.625
POC-015," Poids Additionnels - Compétition (1,50KG - Jaune)",15,15.75,18.9,10.5,12.6,0.75
POC-020," Poids Additionnels - Compétition (2,00KG - Bleu)",16.67,17.5035,21.0042,11.67,14,0.8335
POC-025," Poids Additionnels - Compétition (2,50KG - Rouge)",23.33,24.4965,29.3958,16.33,19.6,1.1665
POC-050," Poids Additionnels - Compétition (5,00KG - Blanc)",40.83,42.8715,51.4458,28.58,34.3,2.0415
POC-101, Poids Olympique - Compétition 2.0 (10KG - Vert),75,78.75,94.5,60,72,3.75
POC-151, Poids Olympique - Compétition 2.0 (15KG - Jaune),100,105,126,80,96,5
POC-201, Poids Olympique - Compétition 2.0 (20KG - Bleu),129.17,135.6285,162.7542,103.34,124.01,6.4585
POC-251, Poids Olympique - Compétition 2.0 (25KG - Rouge),154.17,161.8785,194.2542,123.34,148.01,7.7085
POD-060-G," Poutre Déportée Rack (Entrainement - 6cm x 6cm, Galvanisation Brut)",95,99.75,119.7,76,91.2,4.75
POD-060-N," Poutre Déportée Rack (Entrainement - 6cm x 6cm, Noire Grain Fin)",95,99.75,119.7,76,91.2,4.75
POD-080-G," Poutre Déportée Rack (Competition - 8cm x 8cm, Galvanisation Brut)",129.17,135.6285,162.7542,103.34,124.01,6.4585
POD-080-G-M, Poutre Déportée Murale (Galvanisation Brut),129.17,135.6285,162.7542,103.34,124.01,6.4585
POD-080-N," Poutre Déportée Rack (Competition - 8cm x 8cm, Noire Grain Fin)",129.17,135.6285,162.7542,103.34,124.01,6.4585
POD-080-N-M, Poutre Déportée Murale (Noire Grain Fin),129.17,135.6285,162.7542,103.34,124.01,6.4585
POI-025, Poids Olympique 2.5kg - Kids & Initiation,65.83,69.1215,82.9458,52.66,63.19,3.2915
POI-050, Poids Olympique 5kg - Kids & Initiation,82.5,86.625,103.95,66,79.2,4.125
POJ-005," Poids Additionnels - Haltérophilie (0,50KG - Blanc)",11.5,12.075,14.49,8.05,9.66,0.575
POJ-010," Poids Additionnels - Haltérophilie (1,00KG - Vert)",15.75,16.5375,19.845,11.03,13.24,0.7875
POJ-015," Poids Additionnels - Haltérophilie (1,50KG - Jaune)",18.75,19.6875,23.625,13.13,15.76,0.9375
POJ-020," Poids Additionnels - Haltérophilie (2,00KG - Bleu)",20,21,25.2,14,16.8,1
POM-012," Poids Additionnels avec poignées - Musculation (1,25 kg)",7.5,7.875,9.45,4.5,5.4,0.375
POM-025," Poids Additionnels avec poignées - Musculation (2,5 kg)",11.67,12.2535,14.7042,7,8.4,0.5835
POP-050, Poids Olympique - Powerlifting (5 KG),30,31.5,37.8,27,32.4,1.5
POP-100, Poids Olympique - Powerlifting (10 KG),42.5,44.625,53.55,38.25,45.9,2.125
POP-150, Poids Olympique - Powerlifting (15 KG),60,63,75.6,54,64.8,3
POP-200, Poids Olympique - Powerlifting (20 KG),80,84,100.8,72,86.4,4
POP-250, Poids Olympique - Powerlifting (25 KG),97.5,102.375,122.85,87.75,105.3,4.875
POW-012," Poids Additionnels - Compétition (1,25KG - Noir)",15,15.75,18.9,10.5,12.6,0.75
PPM-350G, Pochon 350Gr Magnésie Classique - Myleore,7.5,7.875,9.45,6,7.2,0.375
PPMC-500G, Pochon 500Gr Magnésie Concassé - Myleore,10,10.5,12.6,8,9.6,0.5
PR128, Balle de massage à picots (7 cm),2.5,2.625,3.15,1.5,1.8,0.125
PR129, Balle de massage à picots (9 cm),3.33,3.4965,4.1958,2,2.4,0.1665
PRI-001, Kit prises d'escalade,29.17,30.6285,36.7542,20.42,24.5,1.4585
PUM-100, Kit Body Pump Black,62.5,65.625,78.75,37.5,45,3.125
PUM-200, Rack Stockage Kit Body Pump,250,262.5,315,175,210,12.5
Plaque KB 1040-N, Plaque de rangement Naria (1M04),70.83,74.3715,89.2458,56.66,67.99,3.5415
Plaque KB 1200-N, Plaque de rangement Naria (1M20),75,78.75,94.5,60,72,3.75
Plaque KB 1800-N, Plaque de rangement Naria (1M80),83.33,87.4965,104.9958,66.66,79.99,4.1665
RAM-001, RowErg - Concept 2,1082.5,1136.625,1363.95,1028.38,1234.06,54.125
RAMF-100, Row - Rameur FIT' & RACK,880,924,1108.8,748,897.6,44
RDM-003, Rouleau de Massage Lisse - Noir (Point Rouge),12.5,13.125,15.75,6.25,7.5,0.625
RDM-004, Rouleau de Massage Forme - Noir,12.5,13.125,15.75,6.25,7.5,0.625
RDP-001, Rouleau de pilates - Mousse,20.83,21.8715,26.2458,10.42,12.5,1.0415
RHS-001, Rampe Handstand Walk,625,656.25,787.5,437.5,525,31.25
RIC-001 I.V-G/G, Rack Grannos I.V (Galva - Brut Extérieure),920,966,1159.2,828,993.6,46
RIC-001 I.V-N/N, Rack Grannos I.V (Noire - Noire Grain Moyen),880,924,1108.8,792,950.4,44
RIC-001 I.V-N/S, Rack Grannos I.V (Noire - SPEAL),880,924,1108.8,792,950.4,44
RIC-001-G, Rack Grannos I (Galva - Brut Extérieure),530,556.5,667.8,477,572.4,26.5
RIC-001-N, Rack Grannos I (Noire - Noire Grain Moyen),500,525,630,450,540,25
RIC-001-N/S, Rack Grannos I (Noire - SPEAL),500,525,630,450,540,25
RIC-002-N, Rack Tarvos (Noire - Noire Grain Moyen),408.33,428.7465,514.4958,367.5,441,20.4165
RIC-003-G/G," Rack Nerios (Competition - 8cm x 8cm, Galva - Brut Extérieure, 2M40)",466.67,490.0035,588.0042,420,504,23.3335
RIC-003-N/N," Rack Nerios (Competition - 8cm x 8cm, Noire - Noire Grain Moyen, 2M40)",441.67,463.7535,556.5042,397.5,477,22.0835
RIC-003-N/S," Rack Nerios (Competition - 8cm x 8cm, Noire - SPEAL, 2M40)",441.67,463.7535,556.5042,397.5,477,22.0835
RIC-004-G/G," Rack Smertios (Competition - 8cm x 8cm, Galva - Brut Extérieure)",425,446.25,535.5,382.5,459,21.25
RIC-004-N/N," Rack Smertios (Competition - 8cm x 8cm, Noire - Noire Grain Moyen)",400,420,504,360,432,20
RIC-004-N/S," Rack Smertios (Competition - 8cm x 8cm, Noire - SPEAL)",400,420,504,360,432,20
RIC-005-G/G, Cage Ogmios (Galva - Brut Extérieure),882.5,926.625,1111.95,794.25,953.1,44.125
RIC-005-N/N, Cage Ogmios (Noire - Noire Grain Moyen),832.5,874.125,1048.95,749.25,899.1,41.625
RIC-005-N/S, Cage Ogmios (Noire - SPEAL),832.5,874.125,1048.95,749.25,899.1,41.625
RIC-006-G/G," Rack Nerios (Competition - 8cm x 8cm, Galva - Brut Extérieure, 2M80)",474.17,497.8785,597.4542,426.75,512.1,23.7085
RIC-006-N/N," Rack Nerios (Competition - 8cm x 8cm, Noire - Noire Grain Moyen, 2M80)",449.17,471.6285,565.9542,404.25,485.1,22.4585
RIC-006-N/S," Rack Nerios (Competition - 8cm x 8cm, Noire - SPEAL, 2M80)",449.17,471.6285,565.9542,404.25,485.1,22.4585
RIC-007-G/G, Rack Pliable Belenos 0 (Galva - Brut Extérieure),487.5,511.875,614.25,438.75,526.5,24.375
RIC-007-N, Rack Pliable Belenos 0 (Noire - Noire Grain Moyen),457.5,480.375,576.45,411.75,494.1,22.875
RIC-008-G/G, Chandelles Nemausos (Galva - Brut Extérieure),352.5,370.125,444.15,317.25,380.7,17.625
RIC-008-N/N, Chandelles Nemausos (Noire - Noire Grain Moyen),332.5,349.125,418.95,299.25,359.1,16.625
RIC-100-G, Cage Ivaros I (Galva - Brut Extérieure),932.5,979.125,1174.95,839.25,1007.1,46.625
RIC-100-N, Cage Ivaros I (Noire - Noire Grain Moyen),882.5,926.625,1111.95,794.25,953.1,44.125
RIC-100-S, Cage Ivaros I (Noire - SPEAL),882.5,926.625,1111.95,794.25,953.1,44.125
RIC-107-G/G, Rack Pliable Belenos I (Galva - Brut Extérieure),525,551.25,661.5,472.5,567,26.25
RIC-107-N/N, Rack Pliable Belenos I (Noire - Noire Grain Moyen),500,525,630,450,540,25
RIC-107-N/S, Rack Pliable Belenos I (Noire - SPEAL),500,525,630,450,540,25
RIC-150 I.V-G/G, Cage Ivaros I.V (Galva - Brut Extérieure),1347.5,1414.875,1697.85,1212.75,1455.3,67.375
RIC-150 I.V-N/N, Cage Ivaros I.V (Noire - Noire Grain Moyen),1262.5,1325.625,1590.75,1136.25,1363.5,63.125
RIC-150 I.V-N/S, Cage Ivaros I.V (Noire - SPEAL),1262.5,1325.625,1590.75,1136.25,1363.5,63.125
RICP-001-G, Rack GRANNOS Edition pompier (Galva - Brut Extérieure),708.33,743.7465,892.4958,672.91,807.49,35.4165
RICP-001-N, Rack GRANNOS Edition pompier (Noire - Noire Grain Moyen),658.33,691.2465,829.4958,625.41,750.49,32.9165
RICP-001-S, Rack GRANNOS Edition pompier (Noire - SPEAL),658.33,691.2465,829.4958,625.41,750.49,32.9165
RIE-002-G, Rack Tarvos (Galva - Brut Extérieure),433.33,454.9965,545.9958,390,468,21.6665
RIE-004-G/G," Rack Smertios (Entrainement - 6cm x 6cm, Galva - Brut Extérieure)",370,388.5,466.2,333,399.6,18.5
ROW-100, Banc Tirage Rowing,815,855.75,1026.9,652,782.4,40.75
RSE-101, Naria L1040-H1200,290.83,305.3715,366.4458,232.66,279.19,14.5415
RSE-102, Naria L1040-H1800,415.83,436.6215,523.9458,332.66,399.19,20.7915
RSE-181, Naria L1800-H1200,332.5,349.125,418.95,266,319.2,16.625
RSE-182, Naria L1800-H1800,475,498.75,598.5,380,456,23.75
SAC-000, Sac de Rangement,4.17,4.3785,5.2542,2.5,3,0.2085
SAC-030, Sac 35L (Noir),57.5,60.375,72.45,46,55.2,2.875
SAC-031, Sac 35L (Kaki),57.5,60.375,72.45,46,55.2,2.875
SAC-032, Sac 35L (Marine),57.5,60.375,72.45,46,55.2,2.875
SAC-033, Sac 35L (Black Camo),57.5,60.375,72.45,46,55.2,2.875
SAF-001, Safety Barre,185,194.25,233.1,148,177.6,9.25
SAF-002, Adjustable safety bar - Barre à squat réglable,500,525,630,425,510,25
SAN-002, Sangle de Suspension 2.0,40.83,42.8715,51.4458,24.5,29.4,2.0415
SAN-003, Sangle Yoke réglable (la paire),57.5,60.375,72.45,34.5,41.4,2.875
SAN-006, Sangle (à l'unité) - Accessoire équipement,8.33,8.7465,10.4958,5,6,0.4165
SAT-001, Sangle de Tirage force - Haltérophilie & Musculation,7.5,7.875,9.45,4.5,5.4,0.375
SBB-001, Stockage de barre au sol - Bois,61.67,64.7535,77.7042,43.17,51.8,3.0835
SBM-001, Stockage de 6 Barres Mural Vertical,60,63,75.6,48,57.6,3
SBM-002, Stockage de 3 Barres Mural vertical,45,47.25,56.7,36,43.2,2.25
SBM-003, Stockage de  1 Barre Mural Vertical,25,26.25,31.5,20,24,1.25
SBS-009-N, Stockage de Barre Sol Vertical,125,131.25,157.5,118.75,142.5,6.25
SBS-800, SandBag StrongMan,50,52.5,63,30,36,2.5
SCE-001, Stockage Elastiques,32.5,34.125,40.95,19.5,23.4,1.625
SCO-001, Scotch Double Face,20,21,25.2,14,16.8,1
SCS-001, Stockage de Corde à Sauter,32.5,34.125,40.95,19.5,23.4,1.625
SDB2.0-80-G, Support de Barre 2.0 (Galvanisation Brut),40.83,42.8715,51.4458,28.58,34.3,2.0415
SDB2.0-80-N, Support de Barre 2.0 (Noire Grain Fin),40.83,42.8715,51.4458,28.58,34.3,2.0415
SDD-080-G," Station à Dips (Competition - 8cm x 8cm, Galvanisation Brut)",158.33,166.2465,199.4958,126.66,151.99,7.9165
SDD-080-N," Station à Dips (Competition - 8cm x 8cm, Noire Grain Fin)",158.33,166.2465,199.4958,126.66,151.99,7.9165
SDP-300-G, Stockage de Poids L300,37.5,39.375,47.25,26.25,31.5,1.875
SDP-350-G, Stockage de Poids pour Embase,37.5,39.375,47.25,26.25,31.5,1.875
SKI-001, Ski Erg - Concept 2,958.33,1006.2465,1207.4958,910.41,1092.49,47.9165
SKIF-100," Ski - FIT' & RACK 
Fixation Murale",780,819,982.8,663,795.6,39
SLB-050, Slam Ball - D-ball lesté Caoutchouc (5KG - 23CM),16.67,17.5035,21.0042,11.67,14,0.8335
SLB-100, Slam Ball - D-ball lesté Caoutchouc (10KG - 23CM),25,26.25,31.5,17.5,21,1.25
SLB-150, Slam Ball - D-ball lesté Caoutchouc (15KG - 28CM),37.5,39.375,47.25,26.25,31.5,1.875
SLB-200, Slam Ball - D-ball lesté Caoutchouc (20KG - 28CM),54.17,56.8785,68.2542,37.92,45.5,2.7085
SLB-250, Slam Ball - D-ball lesté Caoutchouc (25KG - 28CM),70.83,74.3715,89.2458,49.58,59.5,3.5415
SLB-300, Slam Ball - D-ball lesté Caoutchouc (30KG - 28CM),79.17,83.1285,99.7542,55.42,66.5,3.9585
SLB-400, Slam Ball - D-ball lesté Caoutchouc (40KG - 35.5CM),95.83,100.6215,120.7458,67.08,80.5,4.7915
SLB-500, Slam Ball - D-ball lesté Caoutchouc (50KG - 35.5CM),116.67,122.5035,147.0042,81.67,98,5.8335
SLB-600, Slam Ball - D-ball lesté Caoutchouc (60KG - 38CM),133.33,139.9965,167.9958,93.33,112,6.6665
SLB-700, Slam Ball - D-ball lesté Caoutchouc (70KG - 38CM),150,157.5,189,105,126,7.5
SLD-001, Traineau de Puissance - Entraînement,208.33,218.7465,262.4958,166.66,199.99,10.4165
SLD-002, Traineau de Puissance - Compétition,250,262.5,315,237.5,285,12.5
SLD-003, Traineau de Puissance - Sled - Wod,290,304.5,365.4,232,278.4,14.5
SLD-004, Sled en tissu - Traineau de puissance souple,46,48.3,57.96,27.6,33.12,2.3
SOE-001," Sol en Rouleaux 1,25x10 (Noir)",207.5,217.875,261.45,176.38,211.66,10.375
SOE-003," Sol en Rouleaux 1,25x10 (Bleu)",207.5,217.875,261.45,176.38,211.66,10.375
SOE-006," Sol en Rouleaux 1,25x10 (Blanc)",207.5,217.875,261.45,176.38,211.66,10.375
SOL-001, Sol de protection,75,78.75,94.5,52.5,63,3.75
SPMC-2.5KG," Seau 2,5Kg Magnésie Classique - Myleore",40,42,50.4,32,38.4,2
SPMC-5KG, Seau 5Kg Magnésie Concassée - Myleore,66.67,70.0035,84.0042,53.34,64.01,3.3335
SPS-100, Tige de stockage de poids - Diiona,100,105,126,70,84,5
SSP-001, Boule de suspension - Agrès de gymnastique,24.17,25.3785,30.4542,16.92,20.3,1.2085
SSP-002, Cylindre de suspension - Agrès de gymnastique,28.33,29.7465,35.6958,19.83,23.8,1.4165
STG-001, Étagère de stockage Gymball,245,257.25,308.7,171.5,205.8,12.25
STI-001, Stick de Massage,12.5,13.125,15.75,7.5,9,0.625
STI-002, Stick de massage Lisse,9.9,10.395,12.474,5.94,7.13,0.495
TAC-100-G/G, Taranis I (Galva - Brut Extérieure),1223.33,1284.4965,1541.3958,978.66,1174.39,61.1665
TAC-100-N/N, Taranis I (Noire - Noire Grain Moyen),1183.33,1242.4965,1490.9958,946.66,1135.99,59.1665
TAC-100-N/S, Taranis I (Noire - SPEAL),1183.33,1242.4965,1490.9958,946.66,1135.99,59.1665
TAC-150-G/G, Taranis I.V (Galva - Brut Extérieure),1730.83,1817.3715,2180.8458,1384.66,1661.59,86.5415
TAC-150-N/N, Taranis I.V (Noire - Noire Grain Moyen),1665.83,1749.1215,2098.9458,1332.66,1599.19,83.2915
TAC-150-N/S, Taranis I.V (Noire - SPEAL),1665.83,1749.1215,2098.9458,1332.66,1599.19,83.2915
TAC-200-G/G, Taranis II (Galva - Brut Extérieure),2565,2693.25,3231.9,2052,2462.4,128.25
TAC-200-N/N, Taranis II (Noire - Noire Grain Moyen),2475,2598.75,3118.5,1980,2376,123.75
TAC-200-N/S, Taranis II (Noire - SPEAL),2475,2598.75,3118.5,1980,2376,123.75
TAC-250-G/G, Taranis II.V (Galva - Brut Extérieure),3073.33,3226.9965,3872.3958,2458.66,2950.39,153.6665
TAC-250-N/N, Taranis II.V (Noire - Noire Grain Moyen),2958.33,3106.2465,3727.4958,2366.66,2839.99,147.9165
TAC-250-N/S, Taranis II.V (Noire - SPEAL),2958.33,3106.2465,3727.4958,2366.66,2839.99,147.9165
TAC-300-G/G, Taranis III (Galva - Brut Extérieure),3902.5,4097.625,4917.15,3122,3746.4,195.125
TAC-300-N/N, Taranis III (Noire - Noire Grain Moyen),3762.5,3950.625,4740.75,3010,3612,188.125
TAC-300-N/S, Taranis III (Noire - SPEAL),3762.5,3950.625,4740.75,3010,3612,188.125
TAC-350-G/G, Taranis III.V (Galva - Brut Extérieure),4410.83,4631.3715,5557.6458,3528.66,4234.39,220.5415
TAC-350-N/N, Taranis III.V (Noire - Noire Grain Moyen),4245.83,4458.1215,5349.7458,3396.66,4075.99,212.2915
TAC-350-N/S, Taranis III.V (Noire - SPEAL),4245.83,4458.1215,5349.7458,3396.66,4075.99,212.2915
TAC-400-G/G, Taranis IV (Galva - Brut Extérieure),5240,5502,6602.4,4192,5030.4,262
TAC-400-N/N, Taranis IV (Noire - Noire Grain Moyen),5050,5302.5,6363,4040,4848,252.5
TAC-400-N/S, Taranis IV (Noire - SPEAL),5050,5302.5,6363,4040,4848,252.5
TAC-450-G/G, Taranis IV.V (Galva - Brut Extérieure),5756.67,6044.5035,7253.4042,4605.34,5526.41,287.8335
TAC-450-N/N, Taranis IV.V (Noire - Noire Grain Moyen),5541.67,5818.7535,6982.5042,4433.34,5320.01,277.0835
TAC-450-N/S, Taranis IV.V (Noire - SPEAL),5541.67,5818.7535,6982.5042,4433.34,5320.01,277.0835
TAC-500-G/G, Taranis V (Galva - Brut Extérieure),6581.67,6910.7535,8292.9042,5265.34,6318.41,329.0835
TAC-500-N/N, Taranis V (Noire - Noire Grain Moyen),6341.67,6658.7535,7990.5042,5073.34,6088.01,317.0835
TAC-500-N/S, Taranis V (Noire - SPEAL),6341.67,6658.7535,7990.5042,5073.34,6088.01,317.0835
TAM-080-G," Barre de Traction Amovible (Competition - 8cm x 8cm, Galvanisation Brut)",140.83,147.8715,177.4458,112.66,135.19,7.0415
TAM-080-N," Barre de Traction Amovible (Competition - 8cm x 8cm, Noire Grain Moyen)",140.83,147.8715,177.4458,112.66,135.19,7.0415
TAP-001, Tape Khinesithérapie (Noir),10,10.5,12.6,8,9.6,0.5
TAP-002, Tape Khinesithérapie (Bleu),10,10.5,12.6,8,9.6,0.5
TAP-003, Tape Khinesithérapie (Rose),10,10.5,12.6,8,9.6,0.5
TAP-140, Tapis de Gym épais Fitness - Entraînement (1M40),10,10.5,12.6,5,6,0.5
TAP-180, Tapis de Gym épais Fitness - Entraînement (1M80),15,15.75,18.9,7.5,9,0.75
TDR-100, Tapis de réception Gym,75,78.75,94.5,37.5,45,3.75
THE-001, Theragun Mini,165.83,174.1215,208.9458,157.54,189.05,8.2915
THE-002, Theragun Prime,249.17,261.6285,313.9542,236.71,284.05,12.4585
THE-003, Theragun Elite,332.5,349.125,418.95,315.88,379.06,16.625
THE-004, Therabody Wave Roller,124.17,130.3785,156.4542,117.96,141.55,6.2085
THE-005, Therabody PowerDot 2.0 (Uno),165.83,174.1215,208.9458,157.54,189.05,8.2915
THE-006, Therabody PowerDot 2.0 (Duo),290.83,305.3715,366.4458,276.29,331.55,14.5415
THE-007, Therabody Wave Solo,65.83,69.1215,82.9458,62.54,75.05,3.2915
THE-008, Therabody Wave Duo,82.5,86.625,103.95,78.38,94.06,4.125
THE-009, Therabody RecoveryAir Prime (S),582.5,611.625,733.95,553.38,664.06,29.125
THE-010, Therabody RecoveryAir Prime (M),582.5,611.625,733.95,553.38,664.06,29.125
THE-011, Therabody RecoveryAir Prime (L),582.5,611.625,733.95,553.38,664.06,29.125
THE-012, Therabody RecoveryAir PRO (S),1082.5,1136.625,1363.95,1028.38,1234.06,54.125
THE-013, Therabody RecoveryAir PRO (M),1082.5,1136.625,1363.95,1028.38,1234.06,54.125
THE-014, Therabody RecoveryAir PRO (L),1082.5,1136.625,1363.95,1028.38,1234.06,54.125
THE-015, Therabody RecoveryAir JetBoots (S),749.17,786.6285,943.9542,711.71,854.05,37.4585
THE-016, Therabody RecoveryAir JetBoots (M),749.17,786.6285,943.9542,711.71,854.05,37.4585
THE-017, Therabody RecoveryAir JetBoots (L),749.17,786.6285,943.9542,711.71,854.05,37.4585
TIM-002, Timer 2.0,191.67,201.2535,241.5042,153.34,184.01,9.5835
TIM-003, Télécommande 2.0,16.67,17.5035,21.0042,13.34,16.01,0.8335
TIM-005, Trépied pour Timer,65.83,69.1215,82.9458,52.66,63.19,3.2915
TIM-012, Timer Home - Minuteur Portable Cross-Training,82.5,86.625,103.95,66,79.2,4.125
TIM-200, Mini Timer Portable - Wod,35,36.75,44.1,26.25,31.5,1.75
TIR-001, Poignée de Tirage - Métal,12.5,13.125,15.75,7.5,9,0.625
TIR-002, Triangle de Tirage,24.17,25.3785,30.4542,14.5,17.4,1.2085
TIR-003, Corde de Tirage Triceps,15,15.75,18.9,9,10.8,0.75
TIR-004, Barre de Tirage,23.2,24.36,29.232,13.92,16.7,1.16
TIR-005, Barre de Tirage Dorsale,49.17,51.6285,61.9542,29.5,35.4,2.4585
TIR-007, Double Poignée Rotative Biceps - Triceps,29.17,30.6285,36.7542,17.5,21,1.4585
TMG-001, Traverse Traction Multi Grip,159,166.95,200.34,127.2,152.64,7.95
TMG-002, Barre de traction Multi Grip,94,98.7,118.44,75.2,90.24,4.7
TRA-110-G," Barre Trapèze suspendue - 1m10 (Galvanisation Brut, Sans sangles)",35,36.75,44.1,24.5,29.4,1.75
TRA-110-G-Sangles," Barre Trapèze suspendue - 1m10 (Galvanisation Brut, Avec sangles)",50,52.5,63,35,42,2.5
TRA-110-N," Barre Trapèze suspendue - 1m10 (Noire Grain Moyen, Sans sangles)",35,36.75,44.1,24.5,29.4,1.75
TRA-110-N-Sangles," Barre Trapèze suspendue - 1m10 (Noire Grain Moyen, Avec sangles)",50,52.5,63,35,42,2.5
TRA-180-G," Barre Trapèze suspendue - 1m80 (Galvanisation Brut, Sans sangles)",55,57.75,69.3,38.5,46.2,2.75
TRA-180-G-Sangles," Barre Trapèze suspendue - 1m80 (Galvanisation Brut, Avec sangles)",80,84,100.8,56,67.2,4
TRA-180-N," Barre Trapèze suspendue - 1m80 (Noire Grain Moyen, Sans sangles)",55,57.75,69.3,38.5,46.2,2.75
TRA-180-N-Sangles," Barre Trapèze suspendue - 1m80 (Noire Grain Moyen, Avec sangles)",80,84,100.8,56,67.2,4
TTM-001-N, Barre de Traction Murale (Noire - Noire Grain Moyen),140.83,147.8715,177.4458,112.66,135.19,7.0415
TTM-002-G, Barre de Traction Murale (Galva - Brut Extérieure),155.83,163.6215,196.3458,124.66,149.59,7.7915
TTM-003-S, Barre de Traction Murale (Noire - SPEAL),140.83,147.8715,177.4458,112.66,135.19,7.0415
TTM-011-N, Extension Barre de Traction Murale (Noire - Noire Grain Moyen),91.67,96.2535,115.5042,73.34,88.01,4.5835
TTM-012-G, Extension Barre de Traction Murale (Galva - Brut Extérieure),101.67,106.7535,128.1042,81.34,97.61,5.0835
TTM-013-S, Extension Barre de Traction Murale (Noire - SPEAL),91.67,96.2535,115.5042,73.34,88.01,4.5835
VIS-002, Kit 6x(Tami + Bout fileté),12.5,13.125,15.75,10,12,0.625
VIS-003, Scellement chimique,16.58,17.409,20.8908,14.92,17.9,0.829
WBC-010, Wall Ball - Kids (1KG),33.33,34.9965,41.9958,23.33,28,1.6665
WBC-020, Wall Ball - Kids (2KG),37.5,39.375,47.25,26.25,31.5,1.875
WBC-040, Wall Ball - Compétition (4KG),58.33,61.2465,73.4958,40.83,49,2.9165
WBC-060, Wall Ball - Compétition (6KG),62.5,65.625,78.75,43.75,52.5,3.125
WBC-090, Wall Ball - Compétition (9KG),66.67,70.0035,84.0042,46.67,56,3.3335
WBC-120, Wall Ball - Compétition (12KG),75,78.75,94.5,52.5,63,3.75
WBC-150, Wall Ball - Compétition (15KG),83.33,87.4965,104.9958,58.33,70,4.1665
WBI-001, Wattbike Pro - Vélo d'entraînement,3250,3412.5,4095,3087.5,3705,162.5
WBW-040, Wall Ball - Wod (4KG),45.83,48.1215,57.7458,27.5,33,2.2915
WBW-060, Wall Ball - Wod (6KG),50,52.5,63,30,36,2.5
WBW-090, Wall Ball - Wod (9KG),58.33,61.2465,73.4958,35,42,2.9165
WBW-120, Wall Ball - Wod (12KG),66.67,70.0035,84.0042,40,48,3.3335
WOR-001, WORM 2/3 Places - Entrainement,166.67,175.0035,210.0042,83.34,100.01,8.3335
WOR-020, Worm 2p - Compétition (Vide),158,165.9,199.08,126.4,151.68,7.9
WOR-021, Worm 2p - Compétition (Kit complet),200,210,252,160,192,10
WOR-030, Worm 3p - Compétition (Vide),205,215.25,258.3,164,196.8,10.25
WOR-031, Worm 3p - Compétition (Kit complet),315,330.75,396.9,252,302.4,15.75
WOR-040, Worm 4p - Compétition (Vide),270,283.5,340.2,216,259.2,13.5
WOR-041, Worm 4p - Compétition (Kit complet),400,420,504,320,384,20
WRF-001, Wrap de Maintien Poignet - Tissu souple avec serrage (Noir),15,15.75,18.9,7.5,9,0.75
WRF-002, Wrap de Maintien Poignet - Tissu souple avec serrage (Rouge),15,15.75,18.9,7.5,9,0.75
WRF-004, Wrap de Maintien Poignet - Tissu souple avec serrage (Bleu),15,15.75,18.9,7.5,9,0.75
YOG-001, Brique de Yoga - Liège,8.33,8.7465,10.4958,5,6,0.4165
YOG-002, Brique de Yoga - Mousse,3.33,3.4965,4.1958,1.67,2,0.1665
YOG-060, Balle de Massage - Liège,4.17,4.3785,5.2542,2.09,2.51,0.2085
YOG-140, Tapis Confort,29.17,30.6285,36.7542,17.5,21,1.4585
YOG-180, Tapis de Yoga - Liège,20.83,21.8715,26.2458,12.5,15,1.0415
